module	arm	gene	rank	direction	source_dataset_or_table	selection_rule	scoring_rule	source_script	source_script_sha256	version_status	source_sha256
fertile_80	early	AMOT	1	early	analysis/03_rif/round5_maximal/tables/receptivity_signature_genes_round5.csv	round5 exported early_genes column	row-wise z-score; mean(intersect(up, expression rows)) - mean(intersect(down, expression rows)); missing genes excluded	scripts/historical/implantation_failure_atlas_final_isolated.R	c70259c085c93161551cec46dc255e9041e02dce8257570ac544284721685a78	Recovered and version-matched historical membership	e1cd1d6020cc9697bc3be6765f4f6ebd0a6bba5467c5afc25bd4b10fb4bca83f
fertile_80	early	CYP4A22-AS1	2	early	analysis/03_rif/round5_maximal/tables/receptivity_signature_genes_round5.csv	round5 exported early_genes column	row-wise z-score; mean(intersect(up, expression rows)) - mean(intersect(down, expression rows)); missing genes excluded	scripts/historical/implantation_failure_atlas_final_isolated.R	c70259c085c93161551cec46dc255e9041e02dce8257570ac544284721685a78	Recovered and version-matched historical membership	e1cd1d6020cc9697bc3be6765f4f6ebd0a6bba5467c5afc25bd4b10fb4bca83f
fertile_80	early	AC092422.1	3	early	analysis/03_rif/round5_maximal/tables/receptivity_signature_genes_round5.csv	round5 exported early_genes column	row-wise z-score; mean(intersect(up, expression rows)) - mean(intersect(down, expression rows)); missing genes excluded	scripts/historical/implantation_failure_atlas_final_isolated.R	c70259c085c93161551cec46dc255e9041e02dce8257570ac544284721685a78	Recovered and version-matched historical membership	e1cd1d6020cc9697bc3be6765f4f6ebd0a6bba5467c5afc25bd4b10fb4bca83f
fertile_80	early	ESR1	4	early	analysis/03_rif/round5_maximal/tables/receptivity_signature_genes_round5.csv	round5 exported early_genes column	row-wise z-score; mean(intersect(up, expression rows)) - mean(intersect(down, expression rows)); missing genes excluded	scripts/historical/implantation_failure_atlas_final_isolated.R	c70259c085c93161551cec46dc255e9041e02dce8257570ac544284721685a78	Recovered and version-matched historical membership	e1cd1d6020cc9697bc3be6765f4f6ebd0a6bba5467c5afc25bd4b10fb4bca83f
fertile_80	early	PIP5K1B	5	early	analysis/03_rif/round5_maximal/tables/receptivity_signature_genes_round5.csv	round5 exported early_genes column	row-wise z-score; mean(intersect(up, expression rows)) - mean(intersect(down, expression rows)); missing genes excluded	scripts/historical/implantation_failure_atlas_final_isolated.R	c70259c085c93161551cec46dc255e9041e02dce8257570ac544284721685a78	Recovered and version-matched historical membership	e1cd1d6020cc9697bc3be6765f4f6ebd0a6bba5467c5afc25bd4b10fb4bca83f
fertile_80	early	CPNE4	6	early	analysis/03_rif/round5_maximal/tables/receptivity_signature_genes_round5.csv	round5 exported early_genes column	row-wise z-score; mean(intersect(up, expression rows)) - mean(intersect(down, expression rows)); missing genes excluded	scripts/historical/implantation_failure_atlas_final_isolated.R	c70259c085c93161551cec46dc255e9041e02dce8257570ac544284721685a78	Recovered and version-matched historical membership	e1cd1d6020cc9697bc3be6765f4f6ebd0a6bba5467c5afc25bd4b10fb4bca83f
fertile_80	early	BVES-AS1	7	early	analysis/03_rif/round5_maximal/tables/receptivity_signature_genes_round5.csv	round5 exported early_genes column	row-wise z-score; mean(intersect(up, expression rows)) - mean(intersect(down, expression rows)); missing genes excluded	scripts/historical/implantation_failure_atlas_final_isolated.R	c70259c085c93161551cec46dc255e9041e02dce8257570ac544284721685a78	Recovered and version-matched historical membership	e1cd1d6020cc9697bc3be6765f4f6ebd0a6bba5467c5afc25bd4b10fb4bca83f
fertile_80	early	KDM4A	8	early	analysis/03_rif/round5_maximal/tables/receptivity_signature_genes_round5.csv	round5 exported early_genes column	row-wise z-score; mean(intersect(up, expression rows)) - mean(intersect(down, expression rows)); missing genes excluded	scripts/historical/implantation_failure_atlas_final_isolated.R	c70259c085c93161551cec46dc255e9041e02dce8257570ac544284721685a78	Recovered and version-matched historical membership	e1cd1d6020cc9697bc3be6765f4f6ebd0a6bba5467c5afc25bd4b10fb4bca83f
fertile_80	early	SYT2	9	early	analysis/03_rif/round5_maximal/tables/receptivity_signature_genes_round5.csv	round5 exported early_genes column	row-wise z-score; mean(intersect(up, expression rows)) - mean(intersect(down, expression rows)); missing genes excluded	scripts/historical/implantation_failure_atlas_final_isolated.R	c70259c085c93161551cec46dc255e9041e02dce8257570ac544284721685a78	Recovered and version-matched historical membership	e1cd1d6020cc9697bc3be6765f4f6ebd0a6bba5467c5afc25bd4b10fb4bca83f
fertile_80	early	TTC8	10	early	analysis/03_rif/round5_maximal/tables/receptivity_signature_genes_round5.csv	round5 exported early_genes column	row-wise z-score; mean(intersect(up, expression rows)) - mean(intersect(down, expression rows)); missing genes excluded	scripts/historical/implantation_failure_atlas_final_isolated.R	c70259c085c93161551cec46dc255e9041e02dce8257570ac544284721685a78	Recovered and version-matched historical membership	e1cd1d6020cc9697bc3be6765f4f6ebd0a6bba5467c5afc25bd4b10fb4bca83f
fertile_80	early	AARS2	11	early	analysis/03_rif/round5_maximal/tables/receptivity_signature_genes_round5.csv	round5 exported early_genes column	row-wise z-score; mean(intersect(up, expression rows)) - mean(intersect(down, expression rows)); missing genes excluded	scripts/historical/implantation_failure_atlas_final_isolated.R	c70259c085c93161551cec46dc255e9041e02dce8257570ac544284721685a78	Recovered and version-matched historical membership	e1cd1d6020cc9697bc3be6765f4f6ebd0a6bba5467c5afc25bd4b10fb4bca83f
fertile_80	early	WFDC8	12	early	analysis/03_rif/round5_maximal/tables/receptivity_signature_genes_round5.csv	round5 exported early_genes column	row-wise z-score; mean(intersect(up, expression rows)) - mean(intersect(down, expression rows)); missing genes excluded	scripts/historical/implantation_failure_atlas_final_isolated.R	c70259c085c93161551cec46dc255e9041e02dce8257570ac544284721685a78	Recovered and version-matched historical membership	e1cd1d6020cc9697bc3be6765f4f6ebd0a6bba5467c5afc25bd4b10fb4bca83f
fertile_80	early	GPM6B	13	early	analysis/03_rif/round5_maximal/tables/receptivity_signature_genes_round5.csv	round5 exported early_genes column	row-wise z-score; mean(intersect(up, expression rows)) - mean(intersect(down, expression rows)); missing genes excluded	scripts/historical/implantation_failure_atlas_final_isolated.R	c70259c085c93161551cec46dc255e9041e02dce8257570ac544284721685a78	Recovered and version-matched historical membership	e1cd1d6020cc9697bc3be6765f4f6ebd0a6bba5467c5afc25bd4b10fb4bca83f
fertile_80	early	REPS2	14	early	analysis/03_rif/round5_maximal/tables/receptivity_signature_genes_round5.csv	round5 exported early_genes column	row-wise z-score; mean(intersect(up, expression rows)) - mean(intersect(down, expression rows)); missing genes excluded	scripts/historical/implantation_failure_atlas_final_isolated.R	c70259c085c93161551cec46dc255e9041e02dce8257570ac544284721685a78	Recovered and version-matched historical membership	e1cd1d6020cc9697bc3be6765f4f6ebd0a6bba5467c5afc25bd4b10fb4bca83f
fertile_80	early	ZBTB8B	15	early	analysis/03_rif/round5_maximal/tables/receptivity_signature_genes_round5.csv	round5 exported early_genes column	row-wise z-score; mean(intersect(up, expression rows)) - mean(intersect(down, expression rows)); missing genes excluded	scripts/historical/implantation_failure_atlas_final_isolated.R	c70259c085c93161551cec46dc255e9041e02dce8257570ac544284721685a78	Recovered and version-matched historical membership	e1cd1d6020cc9697bc3be6765f4f6ebd0a6bba5467c5afc25bd4b10fb4bca83f
fertile_80	early	AC242426.2	16	early	analysis/03_rif/round5_maximal/tables/receptivity_signature_genes_round5.csv	round5 exported early_genes column	row-wise z-score; mean(intersect(up, expression rows)) - mean(intersect(down, expression rows)); missing genes excluded	scripts/historical/implantation_failure_atlas_final_isolated.R	c70259c085c93161551cec46dc255e9041e02dce8257570ac544284721685a78	Recovered and version-matched historical membership	e1cd1d6020cc9697bc3be6765f4f6ebd0a6bba5467c5afc25bd4b10fb4bca83f
fertile_80	early	HEYL	17	early	analysis/03_rif/round5_maximal/tables/receptivity_signature_genes_round5.csv	round5 exported early_genes column	row-wise z-score; mean(intersect(up, expression rows)) - mean(intersect(down, expression rows)); missing genes excluded	scripts/historical/implantation_failure_atlas_final_isolated.R	c70259c085c93161551cec46dc255e9041e02dce8257570ac544284721685a78	Recovered and version-matched historical membership	e1cd1d6020cc9697bc3be6765f4f6ebd0a6bba5467c5afc25bd4b10fb4bca83f
fertile_80	early	PHACTR3	18	early	analysis/03_rif/round5_maximal/tables/receptivity_signature_genes_round5.csv	round5 exported early_genes column	row-wise z-score; mean(intersect(up, expression rows)) - mean(intersect(down, expression rows)); missing genes excluded	scripts/historical/implantation_failure_atlas_final_isolated.R	c70259c085c93161551cec46dc255e9041e02dce8257570ac544284721685a78	Recovered and version-matched historical membership	e1cd1d6020cc9697bc3be6765f4f6ebd0a6bba5467c5afc25bd4b10fb4bca83f
fertile_80	early	PLEKHG4B	19	early	analysis/03_rif/round5_maximal/tables/receptivity_signature_genes_round5.csv	round5 exported early_genes column	row-wise z-score; mean(intersect(up, expression rows)) - mean(intersect(down, expression rows)); missing genes excluded	scripts/historical/implantation_failure_atlas_final_isolated.R	c70259c085c93161551cec46dc255e9041e02dce8257570ac544284721685a78	Recovered and version-matched historical membership	e1cd1d6020cc9697bc3be6765f4f6ebd0a6bba5467c5afc25bd4b10fb4bca83f
fertile_80	early	AC092844.1	20	early	analysis/03_rif/round5_maximal/tables/receptivity_signature_genes_round5.csv	round5 exported early_genes column	row-wise z-score; mean(intersect(up, expression rows)) - mean(intersect(down, expression rows)); missing genes excluded	scripts/historical/implantation_failure_atlas_final_isolated.R	c70259c085c93161551cec46dc255e9041e02dce8257570ac544284721685a78	Recovered and version-matched historical membership	e1cd1d6020cc9697bc3be6765f4f6ebd0a6bba5467c5afc25bd4b10fb4bca83f
fertile_80	early	NFIA	21	early	analysis/03_rif/round5_maximal/tables/receptivity_signature_genes_round5.csv	round5 exported early_genes column	row-wise z-score; mean(intersect(up, expression rows)) - mean(intersect(down, expression rows)); missing genes excluded	scripts/historical/implantation_failure_atlas_final_isolated.R	c70259c085c93161551cec46dc255e9041e02dce8257570ac544284721685a78	Recovered and version-matched historical membership	e1cd1d6020cc9697bc3be6765f4f6ebd0a6bba5467c5afc25bd4b10fb4bca83f
fertile_80	early	BAIAP2-DT	22	early	analysis/03_rif/round5_maximal/tables/receptivity_signature_genes_round5.csv	round5 exported early_genes column	row-wise z-score; mean(intersect(up, expression rows)) - mean(intersect(down, expression rows)); missing genes excluded	scripts/historical/implantation_failure_atlas_final_isolated.R	c70259c085c93161551cec46dc255e9041e02dce8257570ac544284721685a78	Recovered and version-matched historical membership	e1cd1d6020cc9697bc3be6765f4f6ebd0a6bba5467c5afc25bd4b10fb4bca83f
fertile_80	early	LINC01535	23	early	analysis/03_rif/round5_maximal/tables/receptivity_signature_genes_round5.csv	round5 exported early_genes column	row-wise z-score; mean(intersect(up, expression rows)) - mean(intersect(down, expression rows)); missing genes excluded	scripts/historical/implantation_failure_atlas_final_isolated.R	c70259c085c93161551cec46dc255e9041e02dce8257570ac544284721685a78	Recovered and version-matched historical membership	e1cd1d6020cc9697bc3be6765f4f6ebd0a6bba5467c5afc25bd4b10fb4bca83f
fertile_80	early	GREB1	24	early	analysis/03_rif/round5_maximal/tables/receptivity_signature_genes_round5.csv	round5 exported early_genes column	row-wise z-score; mean(intersect(up, expression rows)) - mean(intersect(down, expression rows)); missing genes excluded	scripts/historical/implantation_failure_atlas_final_isolated.R	c70259c085c93161551cec46dc255e9041e02dce8257570ac544284721685a78	Recovered and version-matched historical membership	e1cd1d6020cc9697bc3be6765f4f6ebd0a6bba5467c5afc25bd4b10fb4bca83f
fertile_80	early	RGS7BP	25	early	analysis/03_rif/round5_maximal/tables/receptivity_signature_genes_round5.csv	round5 exported early_genes column	row-wise z-score; mean(intersect(up, expression rows)) - mean(intersect(down, expression rows)); missing genes excluded	scripts/historical/implantation_failure_atlas_final_isolated.R	c70259c085c93161551cec46dc255e9041e02dce8257570ac544284721685a78	Recovered and version-matched historical membership	e1cd1d6020cc9697bc3be6765f4f6ebd0a6bba5467c5afc25bd4b10fb4bca83f
fertile_80	early	ZNF625	26	early	analysis/03_rif/round5_maximal/tables/receptivity_signature_genes_round5.csv	round5 exported early_genes column	row-wise z-score; mean(intersect(up, expression rows)) - mean(intersect(down, expression rows)); missing genes excluded	scripts/historical/implantation_failure_atlas_final_isolated.R	c70259c085c93161551cec46dc255e9041e02dce8257570ac544284721685a78	Recovered and version-matched historical membership	e1cd1d6020cc9697bc3be6765f4f6ebd0a6bba5467c5afc25bd4b10fb4bca83f
fertile_80	early	AL022151.1	27	early	analysis/03_rif/round5_maximal/tables/receptivity_signature_genes_round5.csv	round5 exported early_genes column	row-wise z-score; mean(intersect(up, expression rows)) - mean(intersect(down, expression rows)); missing genes excluded	scripts/historical/implantation_failure_atlas_final_isolated.R	c70259c085c93161551cec46dc255e9041e02dce8257570ac544284721685a78	Recovered and version-matched historical membership	e1cd1d6020cc9697bc3be6765f4f6ebd0a6bba5467c5afc25bd4b10fb4bca83f
fertile_80	early	LIPE-AS1	28	early	analysis/03_rif/round5_maximal/tables/receptivity_signature_genes_round5.csv	round5 exported early_genes column	row-wise z-score; mean(intersect(up, expression rows)) - mean(intersect(down, expression rows)); missing genes excluded	scripts/historical/implantation_failure_atlas_final_isolated.R	c70259c085c93161551cec46dc255e9041e02dce8257570ac544284721685a78	Recovered and version-matched historical membership	e1cd1d6020cc9697bc3be6765f4f6ebd0a6bba5467c5afc25bd4b10fb4bca83f
fertile_80	early	PLPPR5	29	early	analysis/03_rif/round5_maximal/tables/receptivity_signature_genes_round5.csv	round5 exported early_genes column	row-wise z-score; mean(intersect(up, expression rows)) - mean(intersect(down, expression rows)); missing genes excluded	scripts/historical/implantation_failure_atlas_final_isolated.R	c70259c085c93161551cec46dc255e9041e02dce8257570ac544284721685a78	Recovered and version-matched historical membership	e1cd1d6020cc9697bc3be6765f4f6ebd0a6bba5467c5afc25bd4b10fb4bca83f
fertile_80	early	AC007923.4	30	early	analysis/03_rif/round5_maximal/tables/receptivity_signature_genes_round5.csv	round5 exported early_genes column	row-wise z-score; mean(intersect(up, expression rows)) - mean(intersect(down, expression rows)); missing genes excluded	scripts/historical/implantation_failure_atlas_final_isolated.R	c70259c085c93161551cec46dc255e9041e02dce8257570ac544284721685a78	Recovered and version-matched historical membership	e1cd1d6020cc9697bc3be6765f4f6ebd0a6bba5467c5afc25bd4b10fb4bca83f
fertile_80	early	EMILIN3	31	early	analysis/03_rif/round5_maximal/tables/receptivity_signature_genes_round5.csv	round5 exported early_genes column	row-wise z-score; mean(intersect(up, expression rows)) - mean(intersect(down, expression rows)); missing genes excluded	scripts/historical/implantation_failure_atlas_final_isolated.R	c70259c085c93161551cec46dc255e9041e02dce8257570ac544284721685a78	Recovered and version-matched historical membership	e1cd1d6020cc9697bc3be6765f4f6ebd0a6bba5467c5afc25bd4b10fb4bca83f
fertile_80	early	GLYATL2	32	early	analysis/03_rif/round5_maximal/tables/receptivity_signature_genes_round5.csv	round5 exported early_genes column	row-wise z-score; mean(intersect(up, expression rows)) - mean(intersect(down, expression rows)); missing genes excluded	scripts/historical/implantation_failure_atlas_final_isolated.R	c70259c085c93161551cec46dc255e9041e02dce8257570ac544284721685a78	Recovered and version-matched historical membership	e1cd1d6020cc9697bc3be6765f4f6ebd0a6bba5467c5afc25bd4b10fb4bca83f
fertile_80	early	THNSL1	33	early	analysis/03_rif/round5_maximal/tables/receptivity_signature_genes_round5.csv	round5 exported early_genes column	row-wise z-score; mean(intersect(up, expression rows)) - mean(intersect(down, expression rows)); missing genes excluded	scripts/historical/implantation_failure_atlas_final_isolated.R	c70259c085c93161551cec46dc255e9041e02dce8257570ac544284721685a78	Recovered and version-matched historical membership	e1cd1d6020cc9697bc3be6765f4f6ebd0a6bba5467c5afc25bd4b10fb4bca83f
fertile_80	early	TMEM144	34	early	analysis/03_rif/round5_maximal/tables/receptivity_signature_genes_round5.csv	round5 exported early_genes column	row-wise z-score; mean(intersect(up, expression rows)) - mean(intersect(down, expression rows)); missing genes excluded	scripts/historical/implantation_failure_atlas_final_isolated.R	c70259c085c93161551cec46dc255e9041e02dce8257570ac544284721685a78	Recovered and version-matched historical membership	e1cd1d6020cc9697bc3be6765f4f6ebd0a6bba5467c5afc25bd4b10fb4bca83f
fertile_80	early	VLDLR-AS1	35	early	analysis/03_rif/round5_maximal/tables/receptivity_signature_genes_round5.csv	round5 exported early_genes column	row-wise z-score; mean(intersect(up, expression rows)) - mean(intersect(down, expression rows)); missing genes excluded	scripts/historical/implantation_failure_atlas_final_isolated.R	c70259c085c93161551cec46dc255e9041e02dce8257570ac544284721685a78	Recovered and version-matched historical membership	e1cd1d6020cc9697bc3be6765f4f6ebd0a6bba5467c5afc25bd4b10fb4bca83f
fertile_80	early	AC107068.1	36	early	analysis/03_rif/round5_maximal/tables/receptivity_signature_genes_round5.csv	round5 exported early_genes column	row-wise z-score; mean(intersect(up, expression rows)) - mean(intersect(down, expression rows)); missing genes excluded	scripts/historical/implantation_failure_atlas_final_isolated.R	c70259c085c93161551cec46dc255e9041e02dce8257570ac544284721685a78	Recovered and version-matched historical membership	e1cd1d6020cc9697bc3be6765f4f6ebd0a6bba5467c5afc25bd4b10fb4bca83f
fertile_80	early	EDN3	37	early	analysis/03_rif/round5_maximal/tables/receptivity_signature_genes_round5.csv	round5 exported early_genes column	row-wise z-score; mean(intersect(up, expression rows)) - mean(intersect(down, expression rows)); missing genes excluded	scripts/historical/implantation_failure_atlas_final_isolated.R	c70259c085c93161551cec46dc255e9041e02dce8257570ac544284721685a78	Recovered and version-matched historical membership	e1cd1d6020cc9697bc3be6765f4f6ebd0a6bba5467c5afc25bd4b10fb4bca83f
fertile_80	early	SLC35B3	38	early	analysis/03_rif/round5_maximal/tables/receptivity_signature_genes_round5.csv	round5 exported early_genes column	row-wise z-score; mean(intersect(up, expression rows)) - mean(intersect(down, expression rows)); missing genes excluded	scripts/historical/implantation_failure_atlas_final_isolated.R	c70259c085c93161551cec46dc255e9041e02dce8257570ac544284721685a78	Recovered and version-matched historical membership	e1cd1d6020cc9697bc3be6765f4f6ebd0a6bba5467c5afc25bd4b10fb4bca83f
fertile_80	early	WNK4	39	early	analysis/03_rif/round5_maximal/tables/receptivity_signature_genes_round5.csv	round5 exported early_genes column	row-wise z-score; mean(intersect(up, expression rows)) - mean(intersect(down, expression rows)); missing genes excluded	scripts/historical/implantation_failure_atlas_final_isolated.R	c70259c085c93161551cec46dc255e9041e02dce8257570ac544284721685a78	Recovered and version-matched historical membership	e1cd1d6020cc9697bc3be6765f4f6ebd0a6bba5467c5afc25bd4b10fb4bca83f
fertile_80	early	AC142472.1	40	early	analysis/03_rif/round5_maximal/tables/receptivity_signature_genes_round5.csv	round5 exported early_genes column	row-wise z-score; mean(intersect(up, expression rows)) - mean(intersect(down, expression rows)); missing genes excluded	scripts/historical/implantation_failure_atlas_final_isolated.R	c70259c085c93161551cec46dc255e9041e02dce8257570ac544284721685a78	Recovered and version-matched historical membership	e1cd1d6020cc9697bc3be6765f4f6ebd0a6bba5467c5afc25bd4b10fb4bca83f
fertile_80	late	GADD45A	1	late	analysis/03_rif/round5_maximal/tables/receptivity_signature_genes_round5.csv	round5 exported late_genes column	row-wise z-score; mean(intersect(up, expression rows)) - mean(intersect(down, expression rows)); missing genes excluded	scripts/historical/implantation_failure_atlas_final_isolated.R	c70259c085c93161551cec46dc255e9041e02dce8257570ac544284721685a78	Recovered and version-matched historical membership	e1cd1d6020cc9697bc3be6765f4f6ebd0a6bba5467c5afc25bd4b10fb4bca83f
fertile_80	late	LRP8	2	late	analysis/03_rif/round5_maximal/tables/receptivity_signature_genes_round5.csv	round5 exported late_genes column	row-wise z-score; mean(intersect(up, expression rows)) - mean(intersect(down, expression rows)); missing genes excluded	scripts/historical/implantation_failure_atlas_final_isolated.R	c70259c085c93161551cec46dc255e9041e02dce8257570ac544284721685a78	Recovered and version-matched historical membership	e1cd1d6020cc9697bc3be6765f4f6ebd0a6bba5467c5afc25bd4b10fb4bca83f
fertile_80	late	SPON1-AS1	3	late	analysis/03_rif/round5_maximal/tables/receptivity_signature_genes_round5.csv	round5 exported late_genes column	row-wise z-score; mean(intersect(up, expression rows)) - mean(intersect(down, expression rows)); missing genes excluded	scripts/historical/implantation_failure_atlas_final_isolated.R	c70259c085c93161551cec46dc255e9041e02dce8257570ac544284721685a78	Recovered and version-matched historical membership	e1cd1d6020cc9697bc3be6765f4f6ebd0a6bba5467c5afc25bd4b10fb4bca83f
fertile_80	late	HAS3	4	late	analysis/03_rif/round5_maximal/tables/receptivity_signature_genes_round5.csv	round5 exported late_genes column	row-wise z-score; mean(intersect(up, expression rows)) - mean(intersect(down, expression rows)); missing genes excluded	scripts/historical/implantation_failure_atlas_final_isolated.R	c70259c085c93161551cec46dc255e9041e02dce8257570ac544284721685a78	Recovered and version-matched historical membership	e1cd1d6020cc9697bc3be6765f4f6ebd0a6bba5467c5afc25bd4b10fb4bca83f
fertile_80	late	SLCO4A1	5	late	analysis/03_rif/round5_maximal/tables/receptivity_signature_genes_round5.csv	round5 exported late_genes column	row-wise z-score; mean(intersect(up, expression rows)) - mean(intersect(down, expression rows)); missing genes excluded	scripts/historical/implantation_failure_atlas_final_isolated.R	c70259c085c93161551cec46dc255e9041e02dce8257570ac544284721685a78	Recovered and version-matched historical membership	e1cd1d6020cc9697bc3be6765f4f6ebd0a6bba5467c5afc25bd4b10fb4bca83f
fertile_80	late	KIAA0930	6	late	analysis/03_rif/round5_maximal/tables/receptivity_signature_genes_round5.csv	round5 exported late_genes column	row-wise z-score; mean(intersect(up, expression rows)) - mean(intersect(down, expression rows)); missing genes excluded	scripts/historical/implantation_failure_atlas_final_isolated.R	c70259c085c93161551cec46dc255e9041e02dce8257570ac544284721685a78	Recovered and version-matched historical membership	e1cd1d6020cc9697bc3be6765f4f6ebd0a6bba5467c5afc25bd4b10fb4bca83f
fertile_80	late	DPP9	7	late	analysis/03_rif/round5_maximal/tables/receptivity_signature_genes_round5.csv	round5 exported late_genes column	row-wise z-score; mean(intersect(up, expression rows)) - mean(intersect(down, expression rows)); missing genes excluded	scripts/historical/implantation_failure_atlas_final_isolated.R	c70259c085c93161551cec46dc255e9041e02dce8257570ac544284721685a78	Recovered and version-matched historical membership	e1cd1d6020cc9697bc3be6765f4f6ebd0a6bba5467c5afc25bd4b10fb4bca83f
fertile_80	late	TSPAN8	8	late	analysis/03_rif/round5_maximal/tables/receptivity_signature_genes_round5.csv	round5 exported late_genes column	row-wise z-score; mean(intersect(up, expression rows)) - mean(intersect(down, expression rows)); missing genes excluded	scripts/historical/implantation_failure_atlas_final_isolated.R	c70259c085c93161551cec46dc255e9041e02dce8257570ac544284721685a78	Recovered and version-matched historical membership	e1cd1d6020cc9697bc3be6765f4f6ebd0a6bba5467c5afc25bd4b10fb4bca83f
fertile_80	late	TCN1	9	late	analysis/03_rif/round5_maximal/tables/receptivity_signature_genes_round5.csv	round5 exported late_genes column	row-wise z-score; mean(intersect(up, expression rows)) - mean(intersect(down, expression rows)); missing genes excluded	scripts/historical/implantation_failure_atlas_final_isolated.R	c70259c085c93161551cec46dc255e9041e02dce8257570ac544284721685a78	Recovered and version-matched historical membership	e1cd1d6020cc9697bc3be6765f4f6ebd0a6bba5467c5afc25bd4b10fb4bca83f
fertile_80	late	MYH9	10	late	analysis/03_rif/round5_maximal/tables/receptivity_signature_genes_round5.csv	round5 exported late_genes column	row-wise z-score; mean(intersect(up, expression rows)) - mean(intersect(down, expression rows)); missing genes excluded	scripts/historical/implantation_failure_atlas_final_isolated.R	c70259c085c93161551cec46dc255e9041e02dce8257570ac544284721685a78	Recovered and version-matched historical membership	e1cd1d6020cc9697bc3be6765f4f6ebd0a6bba5467c5afc25bd4b10fb4bca83f
fertile_80	late	SPCS3	11	late	analysis/03_rif/round5_maximal/tables/receptivity_signature_genes_round5.csv	round5 exported late_genes column	row-wise z-score; mean(intersect(up, expression rows)) - mean(intersect(down, expression rows)); missing genes excluded	scripts/historical/implantation_failure_atlas_final_isolated.R	c70259c085c93161551cec46dc255e9041e02dce8257570ac544284721685a78	Recovered and version-matched historical membership	e1cd1d6020cc9697bc3be6765f4f6ebd0a6bba5467c5afc25bd4b10fb4bca83f
fertile_80	late	GLUD1	12	late	analysis/03_rif/round5_maximal/tables/receptivity_signature_genes_round5.csv	round5 exported late_genes column	row-wise z-score; mean(intersect(up, expression rows)) - mean(intersect(down, expression rows)); missing genes excluded	scripts/historical/implantation_failure_atlas_final_isolated.R	c70259c085c93161551cec46dc255e9041e02dce8257570ac544284721685a78	Recovered and version-matched historical membership	e1cd1d6020cc9697bc3be6765f4f6ebd0a6bba5467c5afc25bd4b10fb4bca83f
fertile_80	late	AC134312.4	13	late	analysis/03_rif/round5_maximal/tables/receptivity_signature_genes_round5.csv	round5 exported late_genes column	row-wise z-score; mean(intersect(up, expression rows)) - mean(intersect(down, expression rows)); missing genes excluded	scripts/historical/implantation_failure_atlas_final_isolated.R	c70259c085c93161551cec46dc255e9041e02dce8257570ac544284721685a78	Recovered and version-matched historical membership	e1cd1d6020cc9697bc3be6765f4f6ebd0a6bba5467c5afc25bd4b10fb4bca83f
fertile_80	late	GPX3	14	late	analysis/03_rif/round5_maximal/tables/receptivity_signature_genes_round5.csv	round5 exported late_genes column	row-wise z-score; mean(intersect(up, expression rows)) - mean(intersect(down, expression rows)); missing genes excluded	scripts/historical/implantation_failure_atlas_final_isolated.R	c70259c085c93161551cec46dc255e9041e02dce8257570ac544284721685a78	Recovered and version-matched historical membership	e1cd1d6020cc9697bc3be6765f4f6ebd0a6bba5467c5afc25bd4b10fb4bca83f
fertile_80	late	RRAS2	15	late	analysis/03_rif/round5_maximal/tables/receptivity_signature_genes_round5.csv	round5 exported late_genes column	row-wise z-score; mean(intersect(up, expression rows)) - mean(intersect(down, expression rows)); missing genes excluded	scripts/historical/implantation_failure_atlas_final_isolated.R	c70259c085c93161551cec46dc255e9041e02dce8257570ac544284721685a78	Recovered and version-matched historical membership	e1cd1d6020cc9697bc3be6765f4f6ebd0a6bba5467c5afc25bd4b10fb4bca83f
fertile_80	late	ADGRF1	16	late	analysis/03_rif/round5_maximal/tables/receptivity_signature_genes_round5.csv	round5 exported late_genes column	row-wise z-score; mean(intersect(up, expression rows)) - mean(intersect(down, expression rows)); missing genes excluded	scripts/historical/implantation_failure_atlas_final_isolated.R	c70259c085c93161551cec46dc255e9041e02dce8257570ac544284721685a78	Recovered and version-matched historical membership	e1cd1d6020cc9697bc3be6765f4f6ebd0a6bba5467c5afc25bd4b10fb4bca83f
fertile_80	late	TMED5	17	late	analysis/03_rif/round5_maximal/tables/receptivity_signature_genes_round5.csv	round5 exported late_genes column	row-wise z-score; mean(intersect(up, expression rows)) - mean(intersect(down, expression rows)); missing genes excluded	scripts/historical/implantation_failure_atlas_final_isolated.R	c70259c085c93161551cec46dc255e9041e02dce8257570ac544284721685a78	Recovered and version-matched historical membership	e1cd1d6020cc9697bc3be6765f4f6ebd0a6bba5467c5afc25bd4b10fb4bca83f
fertile_80	late	ELF4	18	late	analysis/03_rif/round5_maximal/tables/receptivity_signature_genes_round5.csv	round5 exported late_genes column	row-wise z-score; mean(intersect(up, expression rows)) - mean(intersect(down, expression rows)); missing genes excluded	scripts/historical/implantation_failure_atlas_final_isolated.R	c70259c085c93161551cec46dc255e9041e02dce8257570ac544284721685a78	Recovered and version-matched historical membership	e1cd1d6020cc9697bc3be6765f4f6ebd0a6bba5467c5afc25bd4b10fb4bca83f
fertile_80	late	ERP44	19	late	analysis/03_rif/round5_maximal/tables/receptivity_signature_genes_round5.csv	round5 exported late_genes column	row-wise z-score; mean(intersect(up, expression rows)) - mean(intersect(down, expression rows)); missing genes excluded	scripts/historical/implantation_failure_atlas_final_isolated.R	c70259c085c93161551cec46dc255e9041e02dce8257570ac544284721685a78	Recovered and version-matched historical membership	e1cd1d6020cc9697bc3be6765f4f6ebd0a6bba5467c5afc25bd4b10fb4bca83f
fertile_80	late	LAMA4	20	late	analysis/03_rif/round5_maximal/tables/receptivity_signature_genes_round5.csv	round5 exported late_genes column	row-wise z-score; mean(intersect(up, expression rows)) - mean(intersect(down, expression rows)); missing genes excluded	scripts/historical/implantation_failure_atlas_final_isolated.R	c70259c085c93161551cec46dc255e9041e02dce8257570ac544284721685a78	Recovered and version-matched historical membership	e1cd1d6020cc9697bc3be6765f4f6ebd0a6bba5467c5afc25bd4b10fb4bca83f
fertile_80	late	LAMB3	21	late	analysis/03_rif/round5_maximal/tables/receptivity_signature_genes_round5.csv	round5 exported late_genes column	row-wise z-score; mean(intersect(up, expression rows)) - mean(intersect(down, expression rows)); missing genes excluded	scripts/historical/implantation_failure_atlas_final_isolated.R	c70259c085c93161551cec46dc255e9041e02dce8257570ac544284721685a78	Recovered and version-matched historical membership	e1cd1d6020cc9697bc3be6765f4f6ebd0a6bba5467c5afc25bd4b10fb4bca83f
fertile_80	late	NAA50	22	late	analysis/03_rif/round5_maximal/tables/receptivity_signature_genes_round5.csv	round5 exported late_genes column	row-wise z-score; mean(intersect(up, expression rows)) - mean(intersect(down, expression rows)); missing genes excluded	scripts/historical/implantation_failure_atlas_final_isolated.R	c70259c085c93161551cec46dc255e9041e02dce8257570ac544284721685a78	Recovered and version-matched historical membership	e1cd1d6020cc9697bc3be6765f4f6ebd0a6bba5467c5afc25bd4b10fb4bca83f
fertile_80	late	COMP	23	late	analysis/03_rif/round5_maximal/tables/receptivity_signature_genes_round5.csv	round5 exported late_genes column	row-wise z-score; mean(intersect(up, expression rows)) - mean(intersect(down, expression rows)); missing genes excluded	scripts/historical/implantation_failure_atlas_final_isolated.R	c70259c085c93161551cec46dc255e9041e02dce8257570ac544284721685a78	Recovered and version-matched historical membership	e1cd1d6020cc9697bc3be6765f4f6ebd0a6bba5467c5afc25bd4b10fb4bca83f
fertile_80	late	GCNA	24	late	analysis/03_rif/round5_maximal/tables/receptivity_signature_genes_round5.csv	round5 exported late_genes column	row-wise z-score; mean(intersect(up, expression rows)) - mean(intersect(down, expression rows)); missing genes excluded	scripts/historical/implantation_failure_atlas_final_isolated.R	c70259c085c93161551cec46dc255e9041e02dce8257570ac544284721685a78	Recovered and version-matched historical membership	e1cd1d6020cc9697bc3be6765f4f6ebd0a6bba5467c5afc25bd4b10fb4bca83f
fertile_80	late	MIR4435-2HG	25	late	analysis/03_rif/round5_maximal/tables/receptivity_signature_genes_round5.csv	round5 exported late_genes column	row-wise z-score; mean(intersect(up, expression rows)) - mean(intersect(down, expression rows)); missing genes excluded	scripts/historical/implantation_failure_atlas_final_isolated.R	c70259c085c93161551cec46dc255e9041e02dce8257570ac544284721685a78	Recovered and version-matched historical membership	e1cd1d6020cc9697bc3be6765f4f6ebd0a6bba5467c5afc25bd4b10fb4bca83f
fertile_80	late	XCR1	26	late	analysis/03_rif/round5_maximal/tables/receptivity_signature_genes_round5.csv	round5 exported late_genes column	row-wise z-score; mean(intersect(up, expression rows)) - mean(intersect(down, expression rows)); missing genes excluded	scripts/historical/implantation_failure_atlas_final_isolated.R	c70259c085c93161551cec46dc255e9041e02dce8257570ac544284721685a78	Recovered and version-matched historical membership	e1cd1d6020cc9697bc3be6765f4f6ebd0a6bba5467c5afc25bd4b10fb4bca83f
fertile_80	late	MLPH	27	late	analysis/03_rif/round5_maximal/tables/receptivity_signature_genes_round5.csv	round5 exported late_genes column	row-wise z-score; mean(intersect(up, expression rows)) - mean(intersect(down, expression rows)); missing genes excluded	scripts/historical/implantation_failure_atlas_final_isolated.R	c70259c085c93161551cec46dc255e9041e02dce8257570ac544284721685a78	Recovered and version-matched historical membership	e1cd1d6020cc9697bc3be6765f4f6ebd0a6bba5467c5afc25bd4b10fb4bca83f
fertile_80	late	CMTM6	28	late	analysis/03_rif/round5_maximal/tables/receptivity_signature_genes_round5.csv	round5 exported late_genes column	row-wise z-score; mean(intersect(up, expression rows)) - mean(intersect(down, expression rows)); missing genes excluded	scripts/historical/implantation_failure_atlas_final_isolated.R	c70259c085c93161551cec46dc255e9041e02dce8257570ac544284721685a78	Recovered and version-matched historical membership	e1cd1d6020cc9697bc3be6765f4f6ebd0a6bba5467c5afc25bd4b10fb4bca83f
fertile_80	late	ARC	29	late	analysis/03_rif/round5_maximal/tables/receptivity_signature_genes_round5.csv	round5 exported late_genes column	row-wise z-score; mean(intersect(up, expression rows)) - mean(intersect(down, expression rows)); missing genes excluded	scripts/historical/implantation_failure_atlas_final_isolated.R	c70259c085c93161551cec46dc255e9041e02dce8257570ac544284721685a78	Recovered and version-matched historical membership	e1cd1d6020cc9697bc3be6765f4f6ebd0a6bba5467c5afc25bd4b10fb4bca83f
fertile_80	late	ZCCHC2	30	late	analysis/03_rif/round5_maximal/tables/receptivity_signature_genes_round5.csv	round5 exported late_genes column	row-wise z-score; mean(intersect(up, expression rows)) - mean(intersect(down, expression rows)); missing genes excluded	scripts/historical/implantation_failure_atlas_final_isolated.R	c70259c085c93161551cec46dc255e9041e02dce8257570ac544284721685a78	Recovered and version-matched historical membership	e1cd1d6020cc9697bc3be6765f4f6ebd0a6bba5467c5afc25bd4b10fb4bca83f
fertile_80	late	TEX29	31	late	analysis/03_rif/round5_maximal/tables/receptivity_signature_genes_round5.csv	round5 exported late_genes column	row-wise z-score; mean(intersect(up, expression rows)) - mean(intersect(down, expression rows)); missing genes excluded	scripts/historical/implantation_failure_atlas_final_isolated.R	c70259c085c93161551cec46dc255e9041e02dce8257570ac544284721685a78	Recovered and version-matched historical membership	e1cd1d6020cc9697bc3be6765f4f6ebd0a6bba5467c5afc25bd4b10fb4bca83f
fertile_80	late	IGFBP1	32	late	analysis/03_rif/round5_maximal/tables/receptivity_signature_genes_round5.csv	round5 exported late_genes column	row-wise z-score; mean(intersect(up, expression rows)) - mean(intersect(down, expression rows)); missing genes excluded	scripts/historical/implantation_failure_atlas_final_isolated.R	c70259c085c93161551cec46dc255e9041e02dce8257570ac544284721685a78	Recovered and version-matched historical membership	e1cd1d6020cc9697bc3be6765f4f6ebd0a6bba5467c5afc25bd4b10fb4bca83f
fertile_80	late	KPNA4	33	late	analysis/03_rif/round5_maximal/tables/receptivity_signature_genes_round5.csv	round5 exported late_genes column	row-wise z-score; mean(intersect(up, expression rows)) - mean(intersect(down, expression rows)); missing genes excluded	scripts/historical/implantation_failure_atlas_final_isolated.R	c70259c085c93161551cec46dc255e9041e02dce8257570ac544284721685a78	Recovered and version-matched historical membership	e1cd1d6020cc9697bc3be6765f4f6ebd0a6bba5467c5afc25bd4b10fb4bca83f
fertile_80	late	PISD	34	late	analysis/03_rif/round5_maximal/tables/receptivity_signature_genes_round5.csv	round5 exported late_genes column	row-wise z-score; mean(intersect(up, expression rows)) - mean(intersect(down, expression rows)); missing genes excluded	scripts/historical/implantation_failure_atlas_final_isolated.R	c70259c085c93161551cec46dc255e9041e02dce8257570ac544284721685a78	Recovered and version-matched historical membership	e1cd1d6020cc9697bc3be6765f4f6ebd0a6bba5467c5afc25bd4b10fb4bca83f
fertile_80	late	TLNRD1	35	late	analysis/03_rif/round5_maximal/tables/receptivity_signature_genes_round5.csv	round5 exported late_genes column	row-wise z-score; mean(intersect(up, expression rows)) - mean(intersect(down, expression rows)); missing genes excluded	scripts/historical/implantation_failure_atlas_final_isolated.R	c70259c085c93161551cec46dc255e9041e02dce8257570ac544284721685a78	Recovered and version-matched historical membership	e1cd1d6020cc9697bc3be6765f4f6ebd0a6bba5467c5afc25bd4b10fb4bca83f
fertile_80	late	TMEM92	36	late	analysis/03_rif/round5_maximal/tables/receptivity_signature_genes_round5.csv	round5 exported late_genes column	row-wise z-score; mean(intersect(up, expression rows)) - mean(intersect(down, expression rows)); missing genes excluded	scripts/historical/implantation_failure_atlas_final_isolated.R	c70259c085c93161551cec46dc255e9041e02dce8257570ac544284721685a78	Recovered and version-matched historical membership	e1cd1d6020cc9697bc3be6765f4f6ebd0a6bba5467c5afc25bd4b10fb4bca83f
fertile_80	late	BHLHE40	37	late	analysis/03_rif/round5_maximal/tables/receptivity_signature_genes_round5.csv	round5 exported late_genes column	row-wise z-score; mean(intersect(up, expression rows)) - mean(intersect(down, expression rows)); missing genes excluded	scripts/historical/implantation_failure_atlas_final_isolated.R	c70259c085c93161551cec46dc255e9041e02dce8257570ac544284721685a78	Recovered and version-matched historical membership	e1cd1d6020cc9697bc3be6765f4f6ebd0a6bba5467c5afc25bd4b10fb4bca83f
fertile_80	late	ELL2	38	late	analysis/03_rif/round5_maximal/tables/receptivity_signature_genes_round5.csv	round5 exported late_genes column	row-wise z-score; mean(intersect(up, expression rows)) - mean(intersect(down, expression rows)); missing genes excluded	scripts/historical/implantation_failure_atlas_final_isolated.R	c70259c085c93161551cec46dc255e9041e02dce8257570ac544284721685a78	Recovered and version-matched historical membership	e1cd1d6020cc9697bc3be6765f4f6ebd0a6bba5467c5afc25bd4b10fb4bca83f
fertile_80	late	PPP2R5A	39	late	analysis/03_rif/round5_maximal/tables/receptivity_signature_genes_round5.csv	round5 exported late_genes column	row-wise z-score; mean(intersect(up, expression rows)) - mean(intersect(down, expression rows)); missing genes excluded	scripts/historical/implantation_failure_atlas_final_isolated.R	c70259c085c93161551cec46dc255e9041e02dce8257570ac544284721685a78	Recovered and version-matched historical membership	e1cd1d6020cc9697bc3be6765f4f6ebd0a6bba5467c5afc25bd4b10fb4bca83f
fertile_80	late	TRNP1	40	late	analysis/03_rif/round5_maximal/tables/receptivity_signature_genes_round5.csv	round5 exported late_genes column	row-wise z-score; mean(intersect(up, expression rows)) - mean(intersect(down, expression rows)); missing genes excluded	scripts/historical/implantation_failure_atlas_final_isolated.R	c70259c085c93161551cec46dc255e9041e02dce8257570ac544284721685a78	Recovered and version-matched historical membership	e1cd1d6020cc9697bc3be6765f4f6ebd0a6bba5467c5afc25bd4b10fb4bca83f
RIF_immune	up	AC087749.1	1	up	analysis/03_rif/round5_maximal/tables/rif_directional_signature_genes_round5.csv	round5 exported rif_up column	row-wise z-score; mean(intersect(up, expression rows)) - mean(intersect(down, expression rows)); missing genes excluded	scripts/historical/implantation_failure_atlas_final_isolated.R	c70259c085c93161551cec46dc255e9041e02dce8257570ac544284721685a78	Recovered and version-matched historical membership	e1cd1d6020cc9697bc3be6765f4f6ebd0a6bba5467c5afc25bd4b10fb4bca83f
RIF_immune	up	AC020908.3	2	up	analysis/03_rif/round5_maximal/tables/rif_directional_signature_genes_round5.csv	round5 exported rif_up column	row-wise z-score; mean(intersect(up, expression rows)) - mean(intersect(down, expression rows)); missing genes excluded	scripts/historical/implantation_failure_atlas_final_isolated.R	c70259c085c93161551cec46dc255e9041e02dce8257570ac544284721685a78	Recovered and version-matched historical membership	e1cd1d6020cc9697bc3be6765f4f6ebd0a6bba5467c5afc25bd4b10fb4bca83f
RIF_immune	up	AC108102.1	3	up	analysis/03_rif/round5_maximal/tables/rif_directional_signature_genes_round5.csv	round5 exported rif_up column	row-wise z-score; mean(intersect(up, expression rows)) - mean(intersect(down, expression rows)); missing genes excluded	scripts/historical/implantation_failure_atlas_final_isolated.R	c70259c085c93161551cec46dc255e9041e02dce8257570ac544284721685a78	Recovered and version-matched historical membership	e1cd1d6020cc9697bc3be6765f4f6ebd0a6bba5467c5afc25bd4b10fb4bca83f
RIF_immune	up	AC022274.1	4	up	analysis/03_rif/round5_maximal/tables/rif_directional_signature_genes_round5.csv	round5 exported rif_up column	row-wise z-score; mean(intersect(up, expression rows)) - mean(intersect(down, expression rows)); missing genes excluded	scripts/historical/implantation_failure_atlas_final_isolated.R	c70259c085c93161551cec46dc255e9041e02dce8257570ac544284721685a78	Recovered and version-matched historical membership	e1cd1d6020cc9697bc3be6765f4f6ebd0a6bba5467c5afc25bd4b10fb4bca83f
RIF_immune	up	TIPARP	5	up	analysis/03_rif/round5_maximal/tables/rif_directional_signature_genes_round5.csv	round5 exported rif_up column	row-wise z-score; mean(intersect(up, expression rows)) - mean(intersect(down, expression rows)); missing genes excluded	scripts/historical/implantation_failure_atlas_final_isolated.R	c70259c085c93161551cec46dc255e9041e02dce8257570ac544284721685a78	Recovered and version-matched historical membership	e1cd1d6020cc9697bc3be6765f4f6ebd0a6bba5467c5afc25bd4b10fb4bca83f
RIF_immune	up	HLA-G	6	up	analysis/03_rif/round5_maximal/tables/rif_directional_signature_genes_round5.csv	round5 exported rif_up column	row-wise z-score; mean(intersect(up, expression rows)) - mean(intersect(down, expression rows)); missing genes excluded	scripts/historical/implantation_failure_atlas_final_isolated.R	c70259c085c93161551cec46dc255e9041e02dce8257570ac544284721685a78	Recovered and version-matched historical membership	e1cd1d6020cc9697bc3be6765f4f6ebd0a6bba5467c5afc25bd4b10fb4bca83f
RIF_immune	up	SATL1	7	up	analysis/03_rif/round5_maximal/tables/rif_directional_signature_genes_round5.csv	round5 exported rif_up column	row-wise z-score; mean(intersect(up, expression rows)) - mean(intersect(down, expression rows)); missing genes excluded	scripts/historical/implantation_failure_atlas_final_isolated.R	c70259c085c93161551cec46dc255e9041e02dce8257570ac544284721685a78	Recovered and version-matched historical membership	e1cd1d6020cc9697bc3be6765f4f6ebd0a6bba5467c5afc25bd4b10fb4bca83f
RIF_immune	up	AL603824.1	8	up	analysis/03_rif/round5_maximal/tables/rif_directional_signature_genes_round5.csv	round5 exported rif_up column	row-wise z-score; mean(intersect(up, expression rows)) - mean(intersect(down, expression rows)); missing genes excluded	scripts/historical/implantation_failure_atlas_final_isolated.R	c70259c085c93161551cec46dc255e9041e02dce8257570ac544284721685a78	Recovered and version-matched historical membership	e1cd1d6020cc9697bc3be6765f4f6ebd0a6bba5467c5afc25bd4b10fb4bca83f
RIF_immune	up	AC009152.3	9	up	analysis/03_rif/round5_maximal/tables/rif_directional_signature_genes_round5.csv	round5 exported rif_up column	row-wise z-score; mean(intersect(up, expression rows)) - mean(intersect(down, expression rows)); missing genes excluded	scripts/historical/implantation_failure_atlas_final_isolated.R	c70259c085c93161551cec46dc255e9041e02dce8257570ac544284721685a78	Recovered and version-matched historical membership	e1cd1d6020cc9697bc3be6765f4f6ebd0a6bba5467c5afc25bd4b10fb4bca83f
RIF_immune	up	AC109460.2	10	up	analysis/03_rif/round5_maximal/tables/rif_directional_signature_genes_round5.csv	round5 exported rif_up column	row-wise z-score; mean(intersect(up, expression rows)) - mean(intersect(down, expression rows)); missing genes excluded	scripts/historical/implantation_failure_atlas_final_isolated.R	c70259c085c93161551cec46dc255e9041e02dce8257570ac544284721685a78	Recovered and version-matched historical membership	e1cd1d6020cc9697bc3be6765f4f6ebd0a6bba5467c5afc25bd4b10fb4bca83f
RIF_immune	up	LATS2-AS1	11	up	analysis/03_rif/round5_maximal/tables/rif_directional_signature_genes_round5.csv	round5 exported rif_up column	row-wise z-score; mean(intersect(up, expression rows)) - mean(intersect(down, expression rows)); missing genes excluded	scripts/historical/implantation_failure_atlas_final_isolated.R	c70259c085c93161551cec46dc255e9041e02dce8257570ac544284721685a78	Recovered and version-matched historical membership	e1cd1d6020cc9697bc3be6765f4f6ebd0a6bba5467c5afc25bd4b10fb4bca83f
RIF_immune	up	AC004817.1	12	up	analysis/03_rif/round5_maximal/tables/rif_directional_signature_genes_round5.csv	round5 exported rif_up column	row-wise z-score; mean(intersect(up, expression rows)) - mean(intersect(down, expression rows)); missing genes excluded	scripts/historical/implantation_failure_atlas_final_isolated.R	c70259c085c93161551cec46dc255e9041e02dce8257570ac544284721685a78	Recovered and version-matched historical membership	e1cd1d6020cc9697bc3be6765f4f6ebd0a6bba5467c5afc25bd4b10fb4bca83f
RIF_immune	up	AC018682.1	13	up	analysis/03_rif/round5_maximal/tables/rif_directional_signature_genes_round5.csv	round5 exported rif_up column	row-wise z-score; mean(intersect(up, expression rows)) - mean(intersect(down, expression rows)); missing genes excluded	scripts/historical/implantation_failure_atlas_final_isolated.R	c70259c085c93161551cec46dc255e9041e02dce8257570ac544284721685a78	Recovered and version-matched historical membership	e1cd1d6020cc9697bc3be6765f4f6ebd0a6bba5467c5afc25bd4b10fb4bca83f
RIF_immune	up	TET2-AS1	14	up	analysis/03_rif/round5_maximal/tables/rif_directional_signature_genes_round5.csv	round5 exported rif_up column	row-wise z-score; mean(intersect(up, expression rows)) - mean(intersect(down, expression rows)); missing genes excluded	scripts/historical/implantation_failure_atlas_final_isolated.R	c70259c085c93161551cec46dc255e9041e02dce8257570ac544284721685a78	Recovered and version-matched historical membership	e1cd1d6020cc9697bc3be6765f4f6ebd0a6bba5467c5afc25bd4b10fb4bca83f
RIF_immune	up	AL365356.1	15	up	analysis/03_rif/round5_maximal/tables/rif_directional_signature_genes_round5.csv	round5 exported rif_up column	row-wise z-score; mean(intersect(up, expression rows)) - mean(intersect(down, expression rows)); missing genes excluded	scripts/historical/implantation_failure_atlas_final_isolated.R	c70259c085c93161551cec46dc255e9041e02dce8257570ac544284721685a78	Recovered and version-matched historical membership	e1cd1d6020cc9697bc3be6765f4f6ebd0a6bba5467c5afc25bd4b10fb4bca83f
RIF_immune	up	AC002558.2	16	up	analysis/03_rif/round5_maximal/tables/rif_directional_signature_genes_round5.csv	round5 exported rif_up column	row-wise z-score; mean(intersect(up, expression rows)) - mean(intersect(down, expression rows)); missing genes excluded	scripts/historical/implantation_failure_atlas_final_isolated.R	c70259c085c93161551cec46dc255e9041e02dce8257570ac544284721685a78	Recovered and version-matched historical membership	e1cd1d6020cc9697bc3be6765f4f6ebd0a6bba5467c5afc25bd4b10fb4bca83f
RIF_immune	up	AIRN	17	up	analysis/03_rif/round5_maximal/tables/rif_directional_signature_genes_round5.csv	round5 exported rif_up column	row-wise z-score; mean(intersect(up, expression rows)) - mean(intersect(down, expression rows)); missing genes excluded	scripts/historical/implantation_failure_atlas_final_isolated.R	c70259c085c93161551cec46dc255e9041e02dce8257570ac544284721685a78	Recovered and version-matched historical membership	e1cd1d6020cc9697bc3be6765f4f6ebd0a6bba5467c5afc25bd4b10fb4bca83f
RIF_immune	up	TOX2	18	up	analysis/03_rif/round5_maximal/tables/rif_directional_signature_genes_round5.csv	round5 exported rif_up column	row-wise z-score; mean(intersect(up, expression rows)) - mean(intersect(down, expression rows)); missing genes excluded	scripts/historical/implantation_failure_atlas_final_isolated.R	c70259c085c93161551cec46dc255e9041e02dce8257570ac544284721685a78	Recovered and version-matched historical membership	e1cd1d6020cc9697bc3be6765f4f6ebd0a6bba5467c5afc25bd4b10fb4bca83f
RIF_immune	up	AC010727.1	19	up	analysis/03_rif/round5_maximal/tables/rif_directional_signature_genes_round5.csv	round5 exported rif_up column	row-wise z-score; mean(intersect(up, expression rows)) - mean(intersect(down, expression rows)); missing genes excluded	scripts/historical/implantation_failure_atlas_final_isolated.R	c70259c085c93161551cec46dc255e9041e02dce8257570ac544284721685a78	Recovered and version-matched historical membership	e1cd1d6020cc9697bc3be6765f4f6ebd0a6bba5467c5afc25bd4b10fb4bca83f
RIF_immune	up	EPYC	20	up	analysis/03_rif/round5_maximal/tables/rif_directional_signature_genes_round5.csv	round5 exported rif_up column	row-wise z-score; mean(intersect(up, expression rows)) - mean(intersect(down, expression rows)); missing genes excluded	scripts/historical/implantation_failure_atlas_final_isolated.R	c70259c085c93161551cec46dc255e9041e02dce8257570ac544284721685a78	Recovered and version-matched historical membership	e1cd1d6020cc9697bc3be6765f4f6ebd0a6bba5467c5afc25bd4b10fb4bca83f
RIF_immune	up	AL132989.1	21	up	analysis/03_rif/round5_maximal/tables/rif_directional_signature_genes_round5.csv	round5 exported rif_up column	row-wise z-score; mean(intersect(up, expression rows)) - mean(intersect(down, expression rows)); missing genes excluded	scripts/historical/implantation_failure_atlas_final_isolated.R	c70259c085c93161551cec46dc255e9041e02dce8257570ac544284721685a78	Recovered and version-matched historical membership	e1cd1d6020cc9697bc3be6765f4f6ebd0a6bba5467c5afc25bd4b10fb4bca83f
RIF_immune	up	AC006460.1	22	up	analysis/03_rif/round5_maximal/tables/rif_directional_signature_genes_round5.csv	round5 exported rif_up column	row-wise z-score; mean(intersect(up, expression rows)) - mean(intersect(down, expression rows)); missing genes excluded	scripts/historical/implantation_failure_atlas_final_isolated.R	c70259c085c93161551cec46dc255e9041e02dce8257570ac544284721685a78	Recovered and version-matched historical membership	e1cd1d6020cc9697bc3be6765f4f6ebd0a6bba5467c5afc25bd4b10fb4bca83f
RIF_immune	up	AC006238.1	23	up	analysis/03_rif/round5_maximal/tables/rif_directional_signature_genes_round5.csv	round5 exported rif_up column	row-wise z-score; mean(intersect(up, expression rows)) - mean(intersect(down, expression rows)); missing genes excluded	scripts/historical/implantation_failure_atlas_final_isolated.R	c70259c085c93161551cec46dc255e9041e02dce8257570ac544284721685a78	Recovered and version-matched historical membership	e1cd1d6020cc9697bc3be6765f4f6ebd0a6bba5467c5afc25bd4b10fb4bca83f
RIF_immune	up	LINC00891	24	up	analysis/03_rif/round5_maximal/tables/rif_directional_signature_genes_round5.csv	round5 exported rif_up column	row-wise z-score; mean(intersect(up, expression rows)) - mean(intersect(down, expression rows)); missing genes excluded	scripts/historical/implantation_failure_atlas_final_isolated.R	c70259c085c93161551cec46dc255e9041e02dce8257570ac544284721685a78	Recovered and version-matched historical membership	e1cd1d6020cc9697bc3be6765f4f6ebd0a6bba5467c5afc25bd4b10fb4bca83f
RIF_immune	up	AC093484.4	25	up	analysis/03_rif/round5_maximal/tables/rif_directional_signature_genes_round5.csv	round5 exported rif_up column	row-wise z-score; mean(intersect(up, expression rows)) - mean(intersect(down, expression rows)); missing genes excluded	scripts/historical/implantation_failure_atlas_final_isolated.R	c70259c085c93161551cec46dc255e9041e02dce8257570ac544284721685a78	Recovered and version-matched historical membership	e1cd1d6020cc9697bc3be6765f4f6ebd0a6bba5467c5afc25bd4b10fb4bca83f
RIF_immune	up	CD44-AS1	26	up	analysis/03_rif/round5_maximal/tables/rif_directional_signature_genes_round5.csv	round5 exported rif_up column	row-wise z-score; mean(intersect(up, expression rows)) - mean(intersect(down, expression rows)); missing genes excluded	scripts/historical/implantation_failure_atlas_final_isolated.R	c70259c085c93161551cec46dc255e9041e02dce8257570ac544284721685a78	Recovered and version-matched historical membership	e1cd1d6020cc9697bc3be6765f4f6ebd0a6bba5467c5afc25bd4b10fb4bca83f
RIF_immune	up	AC092140.1	27	up	analysis/03_rif/round5_maximal/tables/rif_directional_signature_genes_round5.csv	round5 exported rif_up column	row-wise z-score; mean(intersect(up, expression rows)) - mean(intersect(down, expression rows)); missing genes excluded	scripts/historical/implantation_failure_atlas_final_isolated.R	c70259c085c93161551cec46dc255e9041e02dce8257570ac544284721685a78	Recovered and version-matched historical membership	e1cd1d6020cc9697bc3be6765f4f6ebd0a6bba5467c5afc25bd4b10fb4bca83f
RIF_immune	up	HEG1	28	up	analysis/03_rif/round5_maximal/tables/rif_directional_signature_genes_round5.csv	round5 exported rif_up column	row-wise z-score; mean(intersect(up, expression rows)) - mean(intersect(down, expression rows)); missing genes excluded	scripts/historical/implantation_failure_atlas_final_isolated.R	c70259c085c93161551cec46dc255e9041e02dce8257570ac544284721685a78	Recovered and version-matched historical membership	e1cd1d6020cc9697bc3be6765f4f6ebd0a6bba5467c5afc25bd4b10fb4bca83f
RIF_immune	up	AL442067.2	29	up	analysis/03_rif/round5_maximal/tables/rif_directional_signature_genes_round5.csv	round5 exported rif_up column	row-wise z-score; mean(intersect(up, expression rows)) - mean(intersect(down, expression rows)); missing genes excluded	scripts/historical/implantation_failure_atlas_final_isolated.R	c70259c085c93161551cec46dc255e9041e02dce8257570ac544284721685a78	Recovered and version-matched historical membership	e1cd1d6020cc9697bc3be6765f4f6ebd0a6bba5467c5afc25bd4b10fb4bca83f
RIF_immune	up	AL121928.1	30	up	analysis/03_rif/round5_maximal/tables/rif_directional_signature_genes_round5.csv	round5 exported rif_up column	row-wise z-score; mean(intersect(up, expression rows)) - mean(intersect(down, expression rows)); missing genes excluded	scripts/historical/implantation_failure_atlas_final_isolated.R	c70259c085c93161551cec46dc255e9041e02dce8257570ac544284721685a78	Recovered and version-matched historical membership	e1cd1d6020cc9697bc3be6765f4f6ebd0a6bba5467c5afc25bd4b10fb4bca83f
RIF_immune	up	AC009152.1	31	up	analysis/03_rif/round5_maximal/tables/rif_directional_signature_genes_round5.csv	round5 exported rif_up column	row-wise z-score; mean(intersect(up, expression rows)) - mean(intersect(down, expression rows)); missing genes excluded	scripts/historical/implantation_failure_atlas_final_isolated.R	c70259c085c93161551cec46dc255e9041e02dce8257570ac544284721685a78	Recovered and version-matched historical membership	e1cd1d6020cc9697bc3be6765f4f6ebd0a6bba5467c5afc25bd4b10fb4bca83f
RIF_immune	up	AC025175.1	32	up	analysis/03_rif/round5_maximal/tables/rif_directional_signature_genes_round5.csv	round5 exported rif_up column	row-wise z-score; mean(intersect(up, expression rows)) - mean(intersect(down, expression rows)); missing genes excluded	scripts/historical/implantation_failure_atlas_final_isolated.R	c70259c085c93161551cec46dc255e9041e02dce8257570ac544284721685a78	Recovered and version-matched historical membership	e1cd1d6020cc9697bc3be6765f4f6ebd0a6bba5467c5afc25bd4b10fb4bca83f
RIF_immune	up	AC009951.5	33	up	analysis/03_rif/round5_maximal/tables/rif_directional_signature_genes_round5.csv	round5 exported rif_up column	row-wise z-score; mean(intersect(up, expression rows)) - mean(intersect(down, expression rows)); missing genes excluded	scripts/historical/implantation_failure_atlas_final_isolated.R	c70259c085c93161551cec46dc255e9041e02dce8257570ac544284721685a78	Recovered and version-matched historical membership	e1cd1d6020cc9697bc3be6765f4f6ebd0a6bba5467c5afc25bd4b10fb4bca83f
RIF_immune	up	AC100830.2	34	up	analysis/03_rif/round5_maximal/tables/rif_directional_signature_genes_round5.csv	round5 exported rif_up column	row-wise z-score; mean(intersect(up, expression rows)) - mean(intersect(down, expression rows)); missing genes excluded	scripts/historical/implantation_failure_atlas_final_isolated.R	c70259c085c93161551cec46dc255e9041e02dce8257570ac544284721685a78	Recovered and version-matched historical membership	e1cd1d6020cc9697bc3be6765f4f6ebd0a6bba5467c5afc25bd4b10fb4bca83f
RIF_immune	up	AC009152.6	35	up	analysis/03_rif/round5_maximal/tables/rif_directional_signature_genes_round5.csv	round5 exported rif_up column	row-wise z-score; mean(intersect(up, expression rows)) - mean(intersect(down, expression rows)); missing genes excluded	scripts/historical/implantation_failure_atlas_final_isolated.R	c70259c085c93161551cec46dc255e9041e02dce8257570ac544284721685a78	Recovered and version-matched historical membership	e1cd1d6020cc9697bc3be6765f4f6ebd0a6bba5467c5afc25bd4b10fb4bca83f
RIF_immune	up	AC007622.2	36	up	analysis/03_rif/round5_maximal/tables/rif_directional_signature_genes_round5.csv	round5 exported rif_up column	row-wise z-score; mean(intersect(up, expression rows)) - mean(intersect(down, expression rows)); missing genes excluded	scripts/historical/implantation_failure_atlas_final_isolated.R	c70259c085c93161551cec46dc255e9041e02dce8257570ac544284721685a78	Recovered and version-matched historical membership	e1cd1d6020cc9697bc3be6765f4f6ebd0a6bba5467c5afc25bd4b10fb4bca83f
RIF_immune	up	AC008871.1	37	up	analysis/03_rif/round5_maximal/tables/rif_directional_signature_genes_round5.csv	round5 exported rif_up column	row-wise z-score; mean(intersect(up, expression rows)) - mean(intersect(down, expression rows)); missing genes excluded	scripts/historical/implantation_failure_atlas_final_isolated.R	c70259c085c93161551cec46dc255e9041e02dce8257570ac544284721685a78	Recovered and version-matched historical membership	e1cd1d6020cc9697bc3be6765f4f6ebd0a6bba5467c5afc25bd4b10fb4bca83f
RIF_immune	up	TRA2A	38	up	analysis/03_rif/round5_maximal/tables/rif_directional_signature_genes_round5.csv	round5 exported rif_up column	row-wise z-score; mean(intersect(up, expression rows)) - mean(intersect(down, expression rows)); missing genes excluded	scripts/historical/implantation_failure_atlas_final_isolated.R	c70259c085c93161551cec46dc255e9041e02dce8257570ac544284721685a78	Recovered and version-matched historical membership	e1cd1d6020cc9697bc3be6765f4f6ebd0a6bba5467c5afc25bd4b10fb4bca83f
RIF_immune	up	SNX22	39	up	analysis/03_rif/round5_maximal/tables/rif_directional_signature_genes_round5.csv	round5 exported rif_up column	row-wise z-score; mean(intersect(up, expression rows)) - mean(intersect(down, expression rows)); missing genes excluded	scripts/historical/implantation_failure_atlas_final_isolated.R	c70259c085c93161551cec46dc255e9041e02dce8257570ac544284721685a78	Recovered and version-matched historical membership	e1cd1d6020cc9697bc3be6765f4f6ebd0a6bba5467c5afc25bd4b10fb4bca83f
RIF_immune	up	PCDH9-AS2	40	up	analysis/03_rif/round5_maximal/tables/rif_directional_signature_genes_round5.csv	round5 exported rif_up column	row-wise z-score; mean(intersect(up, expression rows)) - mean(intersect(down, expression rows)); missing genes excluded	scripts/historical/implantation_failure_atlas_final_isolated.R	c70259c085c93161551cec46dc255e9041e02dce8257570ac544284721685a78	Recovered and version-matched historical membership	e1cd1d6020cc9697bc3be6765f4f6ebd0a6bba5467c5afc25bd4b10fb4bca83f
RIF_immune	down	MT-ATP8	1	down	analysis/03_rif/round5_maximal/tables/rif_directional_signature_genes_round5.csv	round5 exported rif_down column	row-wise z-score; mean(intersect(up, expression rows)) - mean(intersect(down, expression rows)); missing genes excluded	scripts/historical/implantation_failure_atlas_final_isolated.R	c70259c085c93161551cec46dc255e9041e02dce8257570ac544284721685a78	Recovered and version-matched historical membership	e1cd1d6020cc9697bc3be6765f4f6ebd0a6bba5467c5afc25bd4b10fb4bca83f
RIF_immune	down	AL390955.2	2	down	analysis/03_rif/round5_maximal/tables/rif_directional_signature_genes_round5.csv	round5 exported rif_down column	row-wise z-score; mean(intersect(up, expression rows)) - mean(intersect(down, expression rows)); missing genes excluded	scripts/historical/implantation_failure_atlas_final_isolated.R	c70259c085c93161551cec46dc255e9041e02dce8257570ac544284721685a78	Recovered and version-matched historical membership	e1cd1d6020cc9697bc3be6765f4f6ebd0a6bba5467c5afc25bd4b10fb4bca83f
RIF_immune	down	WDR72	3	down	analysis/03_rif/round5_maximal/tables/rif_directional_signature_genes_round5.csv	round5 exported rif_down column	row-wise z-score; mean(intersect(up, expression rows)) - mean(intersect(down, expression rows)); missing genes excluded	scripts/historical/implantation_failure_atlas_final_isolated.R	c70259c085c93161551cec46dc255e9041e02dce8257570ac544284721685a78	Recovered and version-matched historical membership	e1cd1d6020cc9697bc3be6765f4f6ebd0a6bba5467c5afc25bd4b10fb4bca83f
RIF_immune	down	RGS5	4	down	analysis/03_rif/round5_maximal/tables/rif_directional_signature_genes_round5.csv	round5 exported rif_down column	row-wise z-score; mean(intersect(up, expression rows)) - mean(intersect(down, expression rows)); missing genes excluded	scripts/historical/implantation_failure_atlas_final_isolated.R	c70259c085c93161551cec46dc255e9041e02dce8257570ac544284721685a78	Recovered and version-matched historical membership	e1cd1d6020cc9697bc3be6765f4f6ebd0a6bba5467c5afc25bd4b10fb4bca83f
RIF_immune	down	MTNR1A	5	down	analysis/03_rif/round5_maximal/tables/rif_directional_signature_genes_round5.csv	round5 exported rif_down column	row-wise z-score; mean(intersect(up, expression rows)) - mean(intersect(down, expression rows)); missing genes excluded	scripts/historical/implantation_failure_atlas_final_isolated.R	c70259c085c93161551cec46dc255e9041e02dce8257570ac544284721685a78	Recovered and version-matched historical membership	e1cd1d6020cc9697bc3be6765f4f6ebd0a6bba5467c5afc25bd4b10fb4bca83f
RIF_immune	down	CLDN1	6	down	analysis/03_rif/round5_maximal/tables/rif_directional_signature_genes_round5.csv	round5 exported rif_down column	row-wise z-score; mean(intersect(up, expression rows)) - mean(intersect(down, expression rows)); missing genes excluded	scripts/historical/implantation_failure_atlas_final_isolated.R	c70259c085c93161551cec46dc255e9041e02dce8257570ac544284721685a78	Recovered and version-matched historical membership	e1cd1d6020cc9697bc3be6765f4f6ebd0a6bba5467c5afc25bd4b10fb4bca83f
RIF_immune	down	MOCOS	7	down	analysis/03_rif/round5_maximal/tables/rif_directional_signature_genes_round5.csv	round5 exported rif_down column	row-wise z-score; mean(intersect(up, expression rows)) - mean(intersect(down, expression rows)); missing genes excluded	scripts/historical/implantation_failure_atlas_final_isolated.R	c70259c085c93161551cec46dc255e9041e02dce8257570ac544284721685a78	Recovered and version-matched historical membership	e1cd1d6020cc9697bc3be6765f4f6ebd0a6bba5467c5afc25bd4b10fb4bca83f
RIF_immune	down	TNFRSF11B	8	down	analysis/03_rif/round5_maximal/tables/rif_directional_signature_genes_round5.csv	round5 exported rif_down column	row-wise z-score; mean(intersect(up, expression rows)) - mean(intersect(down, expression rows)); missing genes excluded	scripts/historical/implantation_failure_atlas_final_isolated.R	c70259c085c93161551cec46dc255e9041e02dce8257570ac544284721685a78	Recovered and version-matched historical membership	e1cd1d6020cc9697bc3be6765f4f6ebd0a6bba5467c5afc25bd4b10fb4bca83f
RIF_immune	down	MFSD4A	9	down	analysis/03_rif/round5_maximal/tables/rif_directional_signature_genes_round5.csv	round5 exported rif_down column	row-wise z-score; mean(intersect(up, expression rows)) - mean(intersect(down, expression rows)); missing genes excluded	scripts/historical/implantation_failure_atlas_final_isolated.R	c70259c085c93161551cec46dc255e9041e02dce8257570ac544284721685a78	Recovered and version-matched historical membership	e1cd1d6020cc9697bc3be6765f4f6ebd0a6bba5467c5afc25bd4b10fb4bca83f
RIF_immune	down	HNF1B	10	down	analysis/03_rif/round5_maximal/tables/rif_directional_signature_genes_round5.csv	round5 exported rif_down column	row-wise z-score; mean(intersect(up, expression rows)) - mean(intersect(down, expression rows)); missing genes excluded	scripts/historical/implantation_failure_atlas_final_isolated.R	c70259c085c93161551cec46dc255e9041e02dce8257570ac544284721685a78	Recovered and version-matched historical membership	e1cd1d6020cc9697bc3be6765f4f6ebd0a6bba5467c5afc25bd4b10fb4bca83f
RIF_immune	down	ACE	11	down	analysis/03_rif/round5_maximal/tables/rif_directional_signature_genes_round5.csv	round5 exported rif_down column	row-wise z-score; mean(intersect(up, expression rows)) - mean(intersect(down, expression rows)); missing genes excluded	scripts/historical/implantation_failure_atlas_final_isolated.R	c70259c085c93161551cec46dc255e9041e02dce8257570ac544284721685a78	Recovered and version-matched historical membership	e1cd1d6020cc9697bc3be6765f4f6ebd0a6bba5467c5afc25bd4b10fb4bca83f
RIF_immune	down	AC243571.2	12	down	analysis/03_rif/round5_maximal/tables/rif_directional_signature_genes_round5.csv	round5 exported rif_down column	row-wise z-score; mean(intersect(up, expression rows)) - mean(intersect(down, expression rows)); missing genes excluded	scripts/historical/implantation_failure_atlas_final_isolated.R	c70259c085c93161551cec46dc255e9041e02dce8257570ac544284721685a78	Recovered and version-matched historical membership	e1cd1d6020cc9697bc3be6765f4f6ebd0a6bba5467c5afc25bd4b10fb4bca83f
RIF_immune	down	LINC02223	13	down	analysis/03_rif/round5_maximal/tables/rif_directional_signature_genes_round5.csv	round5 exported rif_down column	row-wise z-score; mean(intersect(up, expression rows)) - mean(intersect(down, expression rows)); missing genes excluded	scripts/historical/implantation_failure_atlas_final_isolated.R	c70259c085c93161551cec46dc255e9041e02dce8257570ac544284721685a78	Recovered and version-matched historical membership	e1cd1d6020cc9697bc3be6765f4f6ebd0a6bba5467c5afc25bd4b10fb4bca83f
RIF_immune	down	DIPK1C	14	down	analysis/03_rif/round5_maximal/tables/rif_directional_signature_genes_round5.csv	round5 exported rif_down column	row-wise z-score; mean(intersect(up, expression rows)) - mean(intersect(down, expression rows)); missing genes excluded	scripts/historical/implantation_failure_atlas_final_isolated.R	c70259c085c93161551cec46dc255e9041e02dce8257570ac544284721685a78	Recovered and version-matched historical membership	e1cd1d6020cc9697bc3be6765f4f6ebd0a6bba5467c5afc25bd4b10fb4bca83f
RIF_immune	down	AC009413.2	15	down	analysis/03_rif/round5_maximal/tables/rif_directional_signature_genes_round5.csv	round5 exported rif_down column	row-wise z-score; mean(intersect(up, expression rows)) - mean(intersect(down, expression rows)); missing genes excluded	scripts/historical/implantation_failure_atlas_final_isolated.R	c70259c085c93161551cec46dc255e9041e02dce8257570ac544284721685a78	Recovered and version-matched historical membership	e1cd1d6020cc9697bc3be6765f4f6ebd0a6bba5467c5afc25bd4b10fb4bca83f
RIF_immune	down	MMP10	16	down	analysis/03_rif/round5_maximal/tables/rif_directional_signature_genes_round5.csv	round5 exported rif_down column	row-wise z-score; mean(intersect(up, expression rows)) - mean(intersect(down, expression rows)); missing genes excluded	scripts/historical/implantation_failure_atlas_final_isolated.R	c70259c085c93161551cec46dc255e9041e02dce8257570ac544284721685a78	Recovered and version-matched historical membership	e1cd1d6020cc9697bc3be6765f4f6ebd0a6bba5467c5afc25bd4b10fb4bca83f
RIF_immune	down	ZNF93	17	down	analysis/03_rif/round5_maximal/tables/rif_directional_signature_genes_round5.csv	round5 exported rif_down column	row-wise z-score; mean(intersect(up, expression rows)) - mean(intersect(down, expression rows)); missing genes excluded	scripts/historical/implantation_failure_atlas_final_isolated.R	c70259c085c93161551cec46dc255e9041e02dce8257570ac544284721685a78	Recovered and version-matched historical membership	e1cd1d6020cc9697bc3be6765f4f6ebd0a6bba5467c5afc25bd4b10fb4bca83f
RIF_immune	down	AC007448.5	18	down	analysis/03_rif/round5_maximal/tables/rif_directional_signature_genes_round5.csv	round5 exported rif_down column	row-wise z-score; mean(intersect(up, expression rows)) - mean(intersect(down, expression rows)); missing genes excluded	scripts/historical/implantation_failure_atlas_final_isolated.R	c70259c085c93161551cec46dc255e9041e02dce8257570ac544284721685a78	Recovered and version-matched historical membership	e1cd1d6020cc9697bc3be6765f4f6ebd0a6bba5467c5afc25bd4b10fb4bca83f
RIF_immune	down	AC090015.1	19	down	analysis/03_rif/round5_maximal/tables/rif_directional_signature_genes_round5.csv	round5 exported rif_down column	row-wise z-score; mean(intersect(up, expression rows)) - mean(intersect(down, expression rows)); missing genes excluded	scripts/historical/implantation_failure_atlas_final_isolated.R	c70259c085c93161551cec46dc255e9041e02dce8257570ac544284721685a78	Recovered and version-matched historical membership	e1cd1d6020cc9697bc3be6765f4f6ebd0a6bba5467c5afc25bd4b10fb4bca83f
RIF_immune	down	AL583785.1	20	down	analysis/03_rif/round5_maximal/tables/rif_directional_signature_genes_round5.csv	round5 exported rif_down column	row-wise z-score; mean(intersect(up, expression rows)) - mean(intersect(down, expression rows)); missing genes excluded	scripts/historical/implantation_failure_atlas_final_isolated.R	c70259c085c93161551cec46dc255e9041e02dce8257570ac544284721685a78	Recovered and version-matched historical membership	e1cd1d6020cc9697bc3be6765f4f6ebd0a6bba5467c5afc25bd4b10fb4bca83f
RIF_immune	down	RPS6KA5	21	down	analysis/03_rif/round5_maximal/tables/rif_directional_signature_genes_round5.csv	round5 exported rif_down column	row-wise z-score; mean(intersect(up, expression rows)) - mean(intersect(down, expression rows)); missing genes excluded	scripts/historical/implantation_failure_atlas_final_isolated.R	c70259c085c93161551cec46dc255e9041e02dce8257570ac544284721685a78	Recovered and version-matched historical membership	e1cd1d6020cc9697bc3be6765f4f6ebd0a6bba5467c5afc25bd4b10fb4bca83f
RIF_immune	down	LIMS4	22	down	analysis/03_rif/round5_maximal/tables/rif_directional_signature_genes_round5.csv	round5 exported rif_down column	row-wise z-score; mean(intersect(up, expression rows)) - mean(intersect(down, expression rows)); missing genes excluded	scripts/historical/implantation_failure_atlas_final_isolated.R	c70259c085c93161551cec46dc255e9041e02dce8257570ac544284721685a78	Recovered and version-matched historical membership	e1cd1d6020cc9697bc3be6765f4f6ebd0a6bba5467c5afc25bd4b10fb4bca83f
RIF_immune	down	HNF1A-AS1	23	down	analysis/03_rif/round5_maximal/tables/rif_directional_signature_genes_round5.csv	round5 exported rif_down column	row-wise z-score; mean(intersect(up, expression rows)) - mean(intersect(down, expression rows)); missing genes excluded	scripts/historical/implantation_failure_atlas_final_isolated.R	c70259c085c93161551cec46dc255e9041e02dce8257570ac544284721685a78	Recovered and version-matched historical membership	e1cd1d6020cc9697bc3be6765f4f6ebd0a6bba5467c5afc25bd4b10fb4bca83f
RIF_immune	down	PCSK1N	24	down	analysis/03_rif/round5_maximal/tables/rif_directional_signature_genes_round5.csv	round5 exported rif_down column	row-wise z-score; mean(intersect(up, expression rows)) - mean(intersect(down, expression rows)); missing genes excluded	scripts/historical/implantation_failure_atlas_final_isolated.R	c70259c085c93161551cec46dc255e9041e02dce8257570ac544284721685a78	Recovered and version-matched historical membership	e1cd1d6020cc9697bc3be6765f4f6ebd0a6bba5467c5afc25bd4b10fb4bca83f
RIF_immune	down	LINC01510	25	down	analysis/03_rif/round5_maximal/tables/rif_directional_signature_genes_round5.csv	round5 exported rif_down column	row-wise z-score; mean(intersect(up, expression rows)) - mean(intersect(down, expression rows)); missing genes excluded	scripts/historical/implantation_failure_atlas_final_isolated.R	c70259c085c93161551cec46dc255e9041e02dce8257570ac544284721685a78	Recovered and version-matched historical membership	e1cd1d6020cc9697bc3be6765f4f6ebd0a6bba5467c5afc25bd4b10fb4bca83f
RIF_immune	down	AC103718.1	26	down	analysis/03_rif/round5_maximal/tables/rif_directional_signature_genes_round5.csv	round5 exported rif_down column	row-wise z-score; mean(intersect(up, expression rows)) - mean(intersect(down, expression rows)); missing genes excluded	scripts/historical/implantation_failure_atlas_final_isolated.R	c70259c085c93161551cec46dc255e9041e02dce8257570ac544284721685a78	Recovered and version-matched historical membership	e1cd1d6020cc9697bc3be6765f4f6ebd0a6bba5467c5afc25bd4b10fb4bca83f
RIF_immune	down	CLVS1	27	down	analysis/03_rif/round5_maximal/tables/rif_directional_signature_genes_round5.csv	round5 exported rif_down column	row-wise z-score; mean(intersect(up, expression rows)) - mean(intersect(down, expression rows)); missing genes excluded	scripts/historical/implantation_failure_atlas_final_isolated.R	c70259c085c93161551cec46dc255e9041e02dce8257570ac544284721685a78	Recovered and version-matched historical membership	e1cd1d6020cc9697bc3be6765f4f6ebd0a6bba5467c5afc25bd4b10fb4bca83f
RIF_immune	down	LINC01541	28	down	analysis/03_rif/round5_maximal/tables/rif_directional_signature_genes_round5.csv	round5 exported rif_down column	row-wise z-score; mean(intersect(up, expression rows)) - mean(intersect(down, expression rows)); missing genes excluded	scripts/historical/implantation_failure_atlas_final_isolated.R	c70259c085c93161551cec46dc255e9041e02dce8257570ac544284721685a78	Recovered and version-matched historical membership	e1cd1d6020cc9697bc3be6765f4f6ebd0a6bba5467c5afc25bd4b10fb4bca83f
RIF_immune	down	LINC00857	29	down	analysis/03_rif/round5_maximal/tables/rif_directional_signature_genes_round5.csv	round5 exported rif_down column	row-wise z-score; mean(intersect(up, expression rows)) - mean(intersect(down, expression rows)); missing genes excluded	scripts/historical/implantation_failure_atlas_final_isolated.R	c70259c085c93161551cec46dc255e9041e02dce8257570ac544284721685a78	Recovered and version-matched historical membership	e1cd1d6020cc9697bc3be6765f4f6ebd0a6bba5467c5afc25bd4b10fb4bca83f
RIF_immune	down	LINC02315	30	down	analysis/03_rif/round5_maximal/tables/rif_directional_signature_genes_round5.csv	round5 exported rif_down column	row-wise z-score; mean(intersect(up, expression rows)) - mean(intersect(down, expression rows)); missing genes excluded	scripts/historical/implantation_failure_atlas_final_isolated.R	c70259c085c93161551cec46dc255e9041e02dce8257570ac544284721685a78	Recovered and version-matched historical membership	e1cd1d6020cc9697bc3be6765f4f6ebd0a6bba5467c5afc25bd4b10fb4bca83f
RIF_immune	down	XACT	31	down	analysis/03_rif/round5_maximal/tables/rif_directional_signature_genes_round5.csv	round5 exported rif_down column	row-wise z-score; mean(intersect(up, expression rows)) - mean(intersect(down, expression rows)); missing genes excluded	scripts/historical/implantation_failure_atlas_final_isolated.R	c70259c085c93161551cec46dc255e9041e02dce8257570ac544284721685a78	Recovered and version-matched historical membership	e1cd1d6020cc9697bc3be6765f4f6ebd0a6bba5467c5afc25bd4b10fb4bca83f
RIF_immune	down	ZNF320	32	down	analysis/03_rif/round5_maximal/tables/rif_directional_signature_genes_round5.csv	round5 exported rif_down column	row-wise z-score; mean(intersect(up, expression rows)) - mean(intersect(down, expression rows)); missing genes excluded	scripts/historical/implantation_failure_atlas_final_isolated.R	c70259c085c93161551cec46dc255e9041e02dce8257570ac544284721685a78	Recovered and version-matched historical membership	e1cd1d6020cc9697bc3be6765f4f6ebd0a6bba5467c5afc25bd4b10fb4bca83f
RIF_immune	down	CARTPT	33	down	analysis/03_rif/round5_maximal/tables/rif_directional_signature_genes_round5.csv	round5 exported rif_down column	row-wise z-score; mean(intersect(up, expression rows)) - mean(intersect(down, expression rows)); missing genes excluded	scripts/historical/implantation_failure_atlas_final_isolated.R	c70259c085c93161551cec46dc255e9041e02dce8257570ac544284721685a78	Recovered and version-matched historical membership	e1cd1d6020cc9697bc3be6765f4f6ebd0a6bba5467c5afc25bd4b10fb4bca83f
RIF_immune	down	FHDC1	34	down	analysis/03_rif/round5_maximal/tables/rif_directional_signature_genes_round5.csv	round5 exported rif_down column	row-wise z-score; mean(intersect(up, expression rows)) - mean(intersect(down, expression rows)); missing genes excluded	scripts/historical/implantation_failure_atlas_final_isolated.R	c70259c085c93161551cec46dc255e9041e02dce8257570ac544284721685a78	Recovered and version-matched historical membership	e1cd1d6020cc9697bc3be6765f4f6ebd0a6bba5467c5afc25bd4b10fb4bca83f
RIF_immune	down	ERBB3	35	down	analysis/03_rif/round5_maximal/tables/rif_directional_signature_genes_round5.csv	round5 exported rif_down column	row-wise z-score; mean(intersect(up, expression rows)) - mean(intersect(down, expression rows)); missing genes excluded	scripts/historical/implantation_failure_atlas_final_isolated.R	c70259c085c93161551cec46dc255e9041e02dce8257570ac544284721685a78	Recovered and version-matched historical membership	e1cd1d6020cc9697bc3be6765f4f6ebd0a6bba5467c5afc25bd4b10fb4bca83f
RIF_immune	down	PRXL2A	36	down	analysis/03_rif/round5_maximal/tables/rif_directional_signature_genes_round5.csv	round5 exported rif_down column	row-wise z-score; mean(intersect(up, expression rows)) - mean(intersect(down, expression rows)); missing genes excluded	scripts/historical/implantation_failure_atlas_final_isolated.R	c70259c085c93161551cec46dc255e9041e02dce8257570ac544284721685a78	Recovered and version-matched historical membership	e1cd1d6020cc9697bc3be6765f4f6ebd0a6bba5467c5afc25bd4b10fb4bca83f
RIF_immune	down	LRRC52-AS1	37	down	analysis/03_rif/round5_maximal/tables/rif_directional_signature_genes_round5.csv	round5 exported rif_down column	row-wise z-score; mean(intersect(up, expression rows)) - mean(intersect(down, expression rows)); missing genes excluded	scripts/historical/implantation_failure_atlas_final_isolated.R	c70259c085c93161551cec46dc255e9041e02dce8257570ac544284721685a78	Recovered and version-matched historical membership	e1cd1d6020cc9697bc3be6765f4f6ebd0a6bba5467c5afc25bd4b10fb4bca83f
RIF_immune	down	PLAAT1	38	down	analysis/03_rif/round5_maximal/tables/rif_directional_signature_genes_round5.csv	round5 exported rif_down column	row-wise z-score; mean(intersect(up, expression rows)) - mean(intersect(down, expression rows)); missing genes excluded	scripts/historical/implantation_failure_atlas_final_isolated.R	c70259c085c93161551cec46dc255e9041e02dce8257570ac544284721685a78	Recovered and version-matched historical membership	e1cd1d6020cc9697bc3be6765f4f6ebd0a6bba5467c5afc25bd4b10fb4bca83f
RIF_immune	down	TACR3	39	down	analysis/03_rif/round5_maximal/tables/rif_directional_signature_genes_round5.csv	round5 exported rif_down column	row-wise z-score; mean(intersect(up, expression rows)) - mean(intersect(down, expression rows)); missing genes excluded	scripts/historical/implantation_failure_atlas_final_isolated.R	c70259c085c93161551cec46dc255e9041e02dce8257570ac544284721685a78	Recovered and version-matched historical membership	e1cd1d6020cc9697bc3be6765f4f6ebd0a6bba5467c5afc25bd4b10fb4bca83f
RIF_immune	down	HAP1	40	down	analysis/03_rif/round5_maximal/tables/rif_directional_signature_genes_round5.csv	round5 exported rif_down column	row-wise z-score; mean(intersect(up, expression rows)) - mean(intersect(down, expression rows)); missing genes excluded	scripts/historical/implantation_failure_atlas_final_isolated.R	c70259c085c93161551cec46dc255e9041e02dce8257570ac544284721685a78	Recovered and version-matched historical membership	e1cd1d6020cc9697bc3be6765f4f6ebd0a6bba5467c5afc25bd4b10fb4bca83f
decidualization	up	IGFBP1	1	up	scripts/historical/implantation_failure_atlas_final.R	explicit historical vector	row-wise z-score; mean(intersect(up, expression rows)) - mean(intersect(down, expression rows)); missing genes excluded	scripts/historical/implantation_failure_atlas_final_isolated.R	c70259c085c93161551cec46dc255e9041e02dce8257570ac544284721685a78	Recovered and version-matched historical membership	e1cd1d6020cc9697bc3be6765f4f6ebd0a6bba5467c5afc25bd4b10fb4bca83f
decidualization	up	PRL	2	up	scripts/historical/implantation_failure_atlas_final.R	explicit historical vector	row-wise z-score; mean(intersect(up, expression rows)) - mean(intersect(down, expression rows)); missing genes excluded	scripts/historical/implantation_failure_atlas_final_isolated.R	c70259c085c93161551cec46dc255e9041e02dce8257570ac544284721685a78	Recovered and version-matched historical membership	e1cd1d6020cc9697bc3be6765f4f6ebd0a6bba5467c5afc25bd4b10fb4bca83f
decidualization	up	LEFTY2	3	up	scripts/historical/implantation_failure_atlas_final.R	explicit historical vector	row-wise z-score; mean(intersect(up, expression rows)) - mean(intersect(down, expression rows)); missing genes excluded	scripts/historical/implantation_failure_atlas_final_isolated.R	c70259c085c93161551cec46dc255e9041e02dce8257570ac544284721685a78	Recovered and version-matched historical membership	e1cd1d6020cc9697bc3be6765f4f6ebd0a6bba5467c5afc25bd4b10fb4bca83f
decidualization	up	FOXO1	4	up	scripts/historical/implantation_failure_atlas_final.R	explicit historical vector	row-wise z-score; mean(intersect(up, expression rows)) - mean(intersect(down, expression rows)); missing genes excluded	scripts/historical/implantation_failure_atlas_final_isolated.R	c70259c085c93161551cec46dc255e9041e02dce8257570ac544284721685a78	Recovered and version-matched historical membership	e1cd1d6020cc9697bc3be6765f4f6ebd0a6bba5467c5afc25bd4b10fb4bca83f
decidualization	up	WNT4	5	up	scripts/historical/implantation_failure_atlas_final.R	explicit historical vector	row-wise z-score; mean(intersect(up, expression rows)) - mean(intersect(down, expression rows)); missing genes excluded	scripts/historical/implantation_failure_atlas_final_isolated.R	c70259c085c93161551cec46dc255e9041e02dce8257570ac544284721685a78	Recovered and version-matched historical membership	e1cd1d6020cc9697bc3be6765f4f6ebd0a6bba5467c5afc25bd4b10fb4bca83f
decidualization	up	HAND2	6	up	scripts/historical/implantation_failure_atlas_final.R	explicit historical vector	row-wise z-score; mean(intersect(up, expression rows)) - mean(intersect(down, expression rows)); missing genes excluded	scripts/historical/implantation_failure_atlas_final_isolated.R	c70259c085c93161551cec46dc255e9041e02dce8257570ac544284721685a78	Recovered and version-matched historical membership	e1cd1d6020cc9697bc3be6765f4f6ebd0a6bba5467c5afc25bd4b10fb4bca83f
decidualization	up	IL15	7	up	scripts/historical/implantation_failure_atlas_final.R	explicit historical vector	row-wise z-score; mean(intersect(up, expression rows)) - mean(intersect(down, expression rows)); missing genes excluded	scripts/historical/implantation_failure_atlas_final_isolated.R	c70259c085c93161551cec46dc255e9041e02dce8257570ac544284721685a78	Recovered and version-matched historical membership	e1cd1d6020cc9697bc3be6765f4f6ebd0a6bba5467c5afc25bd4b10fb4bca83f
decidualization	up	SPP1	8	up	scripts/historical/implantation_failure_atlas_final.R	explicit historical vector	row-wise z-score; mean(intersect(up, expression rows)) - mean(intersect(down, expression rows)); missing genes excluded	scripts/historical/implantation_failure_atlas_final_isolated.R	c70259c085c93161551cec46dc255e9041e02dce8257570ac544284721685a78	Recovered and version-matched historical membership	e1cd1d6020cc9697bc3be6765f4f6ebd0a6bba5467c5afc25bd4b10fb4bca83f
decidualization	up	PAEP	9	up	scripts/historical/implantation_failure_atlas_final.R	explicit historical vector	row-wise z-score; mean(intersect(up, expression rows)) - mean(intersect(down, expression rows)); missing genes excluded	scripts/historical/implantation_failure_atlas_final_isolated.R	c70259c085c93161551cec46dc255e9041e02dce8257570ac544284721685a78	Recovered and version-matched historical membership	e1cd1d6020cc9697bc3be6765f4f6ebd0a6bba5467c5afc25bd4b10fb4bca83f
decidualization	up	GPX3	10	up	scripts/historical/implantation_failure_atlas_final.R	explicit historical vector	row-wise z-score; mean(intersect(up, expression rows)) - mean(intersect(down, expression rows)); missing genes excluded	scripts/historical/implantation_failure_atlas_final_isolated.R	c70259c085c93161551cec46dc255e9041e02dce8257570ac544284721685a78	Recovered and version-matched historical membership	e1cd1d6020cc9697bc3be6765f4f6ebd0a6bba5467c5afc25bd4b10fb4bca83f
hormone_response	up	PGR	1	up	scripts/historical/implantation_failure_atlas_final.R	explicit historical vector	row-wise z-score; mean(intersect(up, expression rows)) - mean(intersect(down, expression rows)); missing genes excluded	scripts/historical/implantation_failure_atlas_final_isolated.R	c70259c085c93161551cec46dc255e9041e02dce8257570ac544284721685a78	Recovered and version-matched historical membership	e1cd1d6020cc9697bc3be6765f4f6ebd0a6bba5467c5afc25bd4b10fb4bca83f
hormone_response	up	ESR1	2	up	scripts/historical/implantation_failure_atlas_final.R	explicit historical vector	row-wise z-score; mean(intersect(up, expression rows)) - mean(intersect(down, expression rows)); missing genes excluded	scripts/historical/implantation_failure_atlas_final_isolated.R	c70259c085c93161551cec46dc255e9041e02dce8257570ac544284721685a78	Recovered and version-matched historical membership	e1cd1d6020cc9697bc3be6765f4f6ebd0a6bba5467c5afc25bd4b10fb4bca83f
hormone_response	up	GREB1	3	up	scripts/historical/implantation_failure_atlas_final.R	explicit historical vector	row-wise z-score; mean(intersect(up, expression rows)) - mean(intersect(down, expression rows)); missing genes excluded	scripts/historical/implantation_failure_atlas_final_isolated.R	c70259c085c93161551cec46dc255e9041e02dce8257570ac544284721685a78	Recovered and version-matched historical membership	e1cd1d6020cc9697bc3be6765f4f6ebd0a6bba5467c5afc25bd4b10fb4bca83f
hormone_response	up	IHH	4	up	scripts/historical/implantation_failure_atlas_final.R	explicit historical vector	row-wise z-score; mean(intersect(up, expression rows)) - mean(intersect(down, expression rows)); missing genes excluded	scripts/historical/implantation_failure_atlas_final_isolated.R	c70259c085c93161551cec46dc255e9041e02dce8257570ac544284721685a78	Recovered and version-matched historical membership	e1cd1d6020cc9697bc3be6765f4f6ebd0a6bba5467c5afc25bd4b10fb4bca83f
hormone_response	up	HOXA10	5	up	scripts/historical/implantation_failure_atlas_final.R	explicit historical vector	row-wise z-score; mean(intersect(up, expression rows)) - mean(intersect(down, expression rows)); missing genes excluded	scripts/historical/implantation_failure_atlas_final_isolated.R	c70259c085c93161551cec46dc255e9041e02dce8257570ac544284721685a78	Recovered and version-matched historical membership	e1cd1d6020cc9697bc3be6765f4f6ebd0a6bba5467c5afc25bd4b10fb4bca83f
hormone_response	up	HOXA11	6	up	scripts/historical/implantation_failure_atlas_final.R	explicit historical vector	row-wise z-score; mean(intersect(up, expression rows)) - mean(intersect(down, expression rows)); missing genes excluded	scripts/historical/implantation_failure_atlas_final_isolated.R	c70259c085c93161551cec46dc255e9041e02dce8257570ac544284721685a78	Recovered and version-matched historical membership	e1cd1d6020cc9697bc3be6765f4f6ebd0a6bba5467c5afc25bd4b10fb4bca83f
hormone_response	up	KLF9	7	up	scripts/historical/implantation_failure_atlas_final.R	explicit historical vector	row-wise z-score; mean(intersect(up, expression rows)) - mean(intersect(down, expression rows)); missing genes excluded	scripts/historical/implantation_failure_atlas_final_isolated.R	c70259c085c93161551cec46dc255e9041e02dce8257570ac544284721685a78	Recovered and version-matched historical membership	e1cd1d6020cc9697bc3be6765f4f6ebd0a6bba5467c5afc25bd4b10fb4bca83f
hormone_response	up	NR2F2	8	up	scripts/historical/implantation_failure_atlas_final.R	explicit historical vector	row-wise z-score; mean(intersect(up, expression rows)) - mean(intersect(down, expression rows)); missing genes excluded	scripts/historical/implantation_failure_atlas_final_isolated.R	c70259c085c93161551cec46dc255e9041e02dce8257570ac544284721685a78	Recovered and version-matched historical membership	e1cd1d6020cc9697bc3be6765f4f6ebd0a6bba5467c5afc25bd4b10fb4bca83f
hormone_response	up	MUC1	9	up	scripts/historical/implantation_failure_atlas_final.R	explicit historical vector	row-wise z-score; mean(intersect(up, expression rows)) - mean(intersect(down, expression rows)); missing genes excluded	scripts/historical/implantation_failure_atlas_final_isolated.R	c70259c085c93161551cec46dc255e9041e02dce8257570ac544284721685a78	Recovered and version-matched historical membership	e1cd1d6020cc9697bc3be6765f4f6ebd0a6bba5467c5afc25bd4b10fb4bca83f
hormone_response	up	CXCL14	10	up	scripts/historical/implantation_failure_atlas_final.R	explicit historical vector	row-wise z-score; mean(intersect(up, expression rows)) - mean(intersect(down, expression rows)); missing genes excluded	scripts/historical/implantation_failure_atlas_final_isolated.R	c70259c085c93161551cec46dc255e9041e02dce8257570ac544284721685a78	Recovered and version-matched historical membership	e1cd1d6020cc9697bc3be6765f4f6ebd0a6bba5467c5afc25bd4b10fb4bca83f
endometriosis_lesion	positive	LGI4	1	positive	analysis/02_endometriosis/round4_deep/tables/Figure_ENDO_2A_Ectopic_vs_Eutopic_deg.csv	adj.P.Val < 0.05; split logFC sign; sort adj.P.Val ascending; slice_head(n=30)	row-wise z-score; mean(intersect(up, expression rows)) - mean(intersect(down, expression rows)); missing genes excluded	scripts/historical/implantation_failure_atlas_final_isolated.R	c70259c085c93161551cec46dc255e9041e02dce8257570ac544284721685a78	Recovered and version-matched historical membership	e1cd1d6020cc9697bc3be6765f4f6ebd0a6bba5467c5afc25bd4b10fb4bca83f
endometriosis_lesion	positive	GPR20	2	positive	analysis/02_endometriosis/round4_deep/tables/Figure_ENDO_2A_Ectopic_vs_Eutopic_deg.csv	adj.P.Val < 0.05; split logFC sign; sort adj.P.Val ascending; slice_head(n=30)	row-wise z-score; mean(intersect(up, expression rows)) - mean(intersect(down, expression rows)); missing genes excluded	scripts/historical/implantation_failure_atlas_final_isolated.R	c70259c085c93161551cec46dc255e9041e02dce8257570ac544284721685a78	Recovered and version-matched historical membership	e1cd1d6020cc9697bc3be6765f4f6ebd0a6bba5467c5afc25bd4b10fb4bca83f
endometriosis_lesion	positive	FAM72A	3	positive	analysis/02_endometriosis/round4_deep/tables/Figure_ENDO_2A_Ectopic_vs_Eutopic_deg.csv	adj.P.Val < 0.05; split logFC sign; sort adj.P.Val ascending; slice_head(n=30)	row-wise z-score; mean(intersect(up, expression rows)) - mean(intersect(down, expression rows)); missing genes excluded	scripts/historical/implantation_failure_atlas_final_isolated.R	c70259c085c93161551cec46dc255e9041e02dce8257570ac544284721685a78	Recovered and version-matched historical membership	e1cd1d6020cc9697bc3be6765f4f6ebd0a6bba5467c5afc25bd4b10fb4bca83f
endometriosis_lesion	positive	BRSK2	4	positive	analysis/02_endometriosis/round4_deep/tables/Figure_ENDO_2A_Ectopic_vs_Eutopic_deg.csv	adj.P.Val < 0.05; split logFC sign; sort adj.P.Val ascending; slice_head(n=30)	row-wise z-score; mean(intersect(up, expression rows)) - mean(intersect(down, expression rows)); missing genes excluded	scripts/historical/implantation_failure_atlas_final_isolated.R	c70259c085c93161551cec46dc255e9041e02dce8257570ac544284721685a78	Recovered and version-matched historical membership	e1cd1d6020cc9697bc3be6765f4f6ebd0a6bba5467c5afc25bd4b10fb4bca83f
endometriosis_lesion	positive	MAP3K8	5	positive	analysis/02_endometriosis/round4_deep/tables/Figure_ENDO_2A_Ectopic_vs_Eutopic_deg.csv	adj.P.Val < 0.05; split logFC sign; sort adj.P.Val ascending; slice_head(n=30)	row-wise z-score; mean(intersect(up, expression rows)) - mean(intersect(down, expression rows)); missing genes excluded	scripts/historical/implantation_failure_atlas_final_isolated.R	c70259c085c93161551cec46dc255e9041e02dce8257570ac544284721685a78	Recovered and version-matched historical membership	e1cd1d6020cc9697bc3be6765f4f6ebd0a6bba5467c5afc25bd4b10fb4bca83f
endometriosis_lesion	positive	RELL1	6	positive	analysis/02_endometriosis/round4_deep/tables/Figure_ENDO_2A_Ectopic_vs_Eutopic_deg.csv	adj.P.Val < 0.05; split logFC sign; sort adj.P.Val ascending; slice_head(n=30)	row-wise z-score; mean(intersect(up, expression rows)) - mean(intersect(down, expression rows)); missing genes excluded	scripts/historical/implantation_failure_atlas_final_isolated.R	c70259c085c93161551cec46dc255e9041e02dce8257570ac544284721685a78	Recovered and version-matched historical membership	e1cd1d6020cc9697bc3be6765f4f6ebd0a6bba5467c5afc25bd4b10fb4bca83f
endometriosis_lesion	positive	DPYSL2	7	positive	analysis/02_endometriosis/round4_deep/tables/Figure_ENDO_2A_Ectopic_vs_Eutopic_deg.csv	adj.P.Val < 0.05; split logFC sign; sort adj.P.Val ascending; slice_head(n=30)	row-wise z-score; mean(intersect(up, expression rows)) - mean(intersect(down, expression rows)); missing genes excluded	scripts/historical/implantation_failure_atlas_final_isolated.R	c70259c085c93161551cec46dc255e9041e02dce8257570ac544284721685a78	Recovered and version-matched historical membership	e1cd1d6020cc9697bc3be6765f4f6ebd0a6bba5467c5afc25bd4b10fb4bca83f
endometriosis_lesion	positive	FOXC2	8	positive	analysis/02_endometriosis/round4_deep/tables/Figure_ENDO_2A_Ectopic_vs_Eutopic_deg.csv	adj.P.Val < 0.05; split logFC sign; sort adj.P.Val ascending; slice_head(n=30)	row-wise z-score; mean(intersect(up, expression rows)) - mean(intersect(down, expression rows)); missing genes excluded	scripts/historical/implantation_failure_atlas_final_isolated.R	c70259c085c93161551cec46dc255e9041e02dce8257570ac544284721685a78	Recovered and version-matched historical membership	e1cd1d6020cc9697bc3be6765f4f6ebd0a6bba5467c5afc25bd4b10fb4bca83f
endometriosis_lesion	positive	RCAN2	9	positive	analysis/02_endometriosis/round4_deep/tables/Figure_ENDO_2A_Ectopic_vs_Eutopic_deg.csv	adj.P.Val < 0.05; split logFC sign; sort adj.P.Val ascending; slice_head(n=30)	row-wise z-score; mean(intersect(up, expression rows)) - mean(intersect(down, expression rows)); missing genes excluded	scripts/historical/implantation_failure_atlas_final_isolated.R	c70259c085c93161551cec46dc255e9041e02dce8257570ac544284721685a78	Recovered and version-matched historical membership	e1cd1d6020cc9697bc3be6765f4f6ebd0a6bba5467c5afc25bd4b10fb4bca83f
endometriosis_lesion	positive	PTGIS	10	positive	analysis/02_endometriosis/round4_deep/tables/Figure_ENDO_2A_Ectopic_vs_Eutopic_deg.csv	adj.P.Val < 0.05; split logFC sign; sort adj.P.Val ascending; slice_head(n=30)	row-wise z-score; mean(intersect(up, expression rows)) - mean(intersect(down, expression rows)); missing genes excluded	scripts/historical/implantation_failure_atlas_final_isolated.R	c70259c085c93161551cec46dc255e9041e02dce8257570ac544284721685a78	Recovered and version-matched historical membership	e1cd1d6020cc9697bc3be6765f4f6ebd0a6bba5467c5afc25bd4b10fb4bca83f
endometriosis_lesion	positive	LINC02207	11	positive	analysis/02_endometriosis/round4_deep/tables/Figure_ENDO_2A_Ectopic_vs_Eutopic_deg.csv	adj.P.Val < 0.05; split logFC sign; sort adj.P.Val ascending; slice_head(n=30)	row-wise z-score; mean(intersect(up, expression rows)) - mean(intersect(down, expression rows)); missing genes excluded	scripts/historical/implantation_failure_atlas_final_isolated.R	c70259c085c93161551cec46dc255e9041e02dce8257570ac544284721685a78	Recovered and version-matched historical membership	e1cd1d6020cc9697bc3be6765f4f6ebd0a6bba5467c5afc25bd4b10fb4bca83f
endometriosis_lesion	positive	HOXC9	12	positive	analysis/02_endometriosis/round4_deep/tables/Figure_ENDO_2A_Ectopic_vs_Eutopic_deg.csv	adj.P.Val < 0.05; split logFC sign; sort adj.P.Val ascending; slice_head(n=30)	row-wise z-score; mean(intersect(up, expression rows)) - mean(intersect(down, expression rows)); missing genes excluded	scripts/historical/implantation_failure_atlas_final_isolated.R	c70259c085c93161551cec46dc255e9041e02dce8257570ac544284721685a78	Recovered and version-matched historical membership	e1cd1d6020cc9697bc3be6765f4f6ebd0a6bba5467c5afc25bd4b10fb4bca83f
endometriosis_lesion	positive	LYVE1	13	positive	analysis/02_endometriosis/round4_deep/tables/Figure_ENDO_2A_Ectopic_vs_Eutopic_deg.csv	adj.P.Val < 0.05; split logFC sign; sort adj.P.Val ascending; slice_head(n=30)	row-wise z-score; mean(intersect(up, expression rows)) - mean(intersect(down, expression rows)); missing genes excluded	scripts/historical/implantation_failure_atlas_final_isolated.R	c70259c085c93161551cec46dc255e9041e02dce8257570ac544284721685a78	Recovered and version-matched historical membership	e1cd1d6020cc9697bc3be6765f4f6ebd0a6bba5467c5afc25bd4b10fb4bca83f
endometriosis_lesion	positive	RGS2	14	positive	analysis/02_endometriosis/round4_deep/tables/Figure_ENDO_2A_Ectopic_vs_Eutopic_deg.csv	adj.P.Val < 0.05; split logFC sign; sort adj.P.Val ascending; slice_head(n=30)	row-wise z-score; mean(intersect(up, expression rows)) - mean(intersect(down, expression rows)); missing genes excluded	scripts/historical/implantation_failure_atlas_final_isolated.R	c70259c085c93161551cec46dc255e9041e02dce8257570ac544284721685a78	Recovered and version-matched historical membership	e1cd1d6020cc9697bc3be6765f4f6ebd0a6bba5467c5afc25bd4b10fb4bca83f
endometriosis_lesion	positive	VCAM1	15	positive	analysis/02_endometriosis/round4_deep/tables/Figure_ENDO_2A_Ectopic_vs_Eutopic_deg.csv	adj.P.Val < 0.05; split logFC sign; sort adj.P.Val ascending; slice_head(n=30)	row-wise z-score; mean(intersect(up, expression rows)) - mean(intersect(down, expression rows)); missing genes excluded	scripts/historical/implantation_failure_atlas_final_isolated.R	c70259c085c93161551cec46dc255e9041e02dce8257570ac544284721685a78	Recovered and version-matched historical membership	e1cd1d6020cc9697bc3be6765f4f6ebd0a6bba5467c5afc25bd4b10fb4bca83f
endometriosis_lesion	positive	CALCOCO2	16	positive	analysis/02_endometriosis/round4_deep/tables/Figure_ENDO_2A_Ectopic_vs_Eutopic_deg.csv	adj.P.Val < 0.05; split logFC sign; sort adj.P.Val ascending; slice_head(n=30)	row-wise z-score; mean(intersect(up, expression rows)) - mean(intersect(down, expression rows)); missing genes excluded	scripts/historical/implantation_failure_atlas_final_isolated.R	c70259c085c93161551cec46dc255e9041e02dce8257570ac544284721685a78	Recovered and version-matched historical membership	e1cd1d6020cc9697bc3be6765f4f6ebd0a6bba5467c5afc25bd4b10fb4bca83f
endometriosis_lesion	positive	JDP2	17	positive	analysis/02_endometriosis/round4_deep/tables/Figure_ENDO_2A_Ectopic_vs_Eutopic_deg.csv	adj.P.Val < 0.05; split logFC sign; sort adj.P.Val ascending; slice_head(n=30)	row-wise z-score; mean(intersect(up, expression rows)) - mean(intersect(down, expression rows)); missing genes excluded	scripts/historical/implantation_failure_atlas_final_isolated.R	c70259c085c93161551cec46dc255e9041e02dce8257570ac544284721685a78	Recovered and version-matched historical membership	e1cd1d6020cc9697bc3be6765f4f6ebd0a6bba5467c5afc25bd4b10fb4bca83f
endometriosis_lesion	positive	JPH2	18	positive	analysis/02_endometriosis/round4_deep/tables/Figure_ENDO_2A_Ectopic_vs_Eutopic_deg.csv	adj.P.Val < 0.05; split logFC sign; sort adj.P.Val ascending; slice_head(n=30)	row-wise z-score; mean(intersect(up, expression rows)) - mean(intersect(down, expression rows)); missing genes excluded	scripts/historical/implantation_failure_atlas_final_isolated.R	c70259c085c93161551cec46dc255e9041e02dce8257570ac544284721685a78	Recovered and version-matched historical membership	e1cd1d6020cc9697bc3be6765f4f6ebd0a6bba5467c5afc25bd4b10fb4bca83f
endometriosis_lesion	positive	NTF3	19	positive	analysis/02_endometriosis/round4_deep/tables/Figure_ENDO_2A_Ectopic_vs_Eutopic_deg.csv	adj.P.Val < 0.05; split logFC sign; sort adj.P.Val ascending; slice_head(n=30)	row-wise z-score; mean(intersect(up, expression rows)) - mean(intersect(down, expression rows)); missing genes excluded	scripts/historical/implantation_failure_atlas_final_isolated.R	c70259c085c93161551cec46dc255e9041e02dce8257570ac544284721685a78	Recovered and version-matched historical membership	e1cd1d6020cc9697bc3be6765f4f6ebd0a6bba5467c5afc25bd4b10fb4bca83f
endometriosis_lesion	positive	PER1	20	positive	analysis/02_endometriosis/round4_deep/tables/Figure_ENDO_2A_Ectopic_vs_Eutopic_deg.csv	adj.P.Val < 0.05; split logFC sign; sort adj.P.Val ascending; slice_head(n=30)	row-wise z-score; mean(intersect(up, expression rows)) - mean(intersect(down, expression rows)); missing genes excluded	scripts/historical/implantation_failure_atlas_final_isolated.R	c70259c085c93161551cec46dc255e9041e02dce8257570ac544284721685a78	Recovered and version-matched historical membership	e1cd1d6020cc9697bc3be6765f4f6ebd0a6bba5467c5afc25bd4b10fb4bca83f
endometriosis_lesion	positive	METRNL	21	positive	analysis/02_endometriosis/round4_deep/tables/Figure_ENDO_2A_Ectopic_vs_Eutopic_deg.csv	adj.P.Val < 0.05; split logFC sign; sort adj.P.Val ascending; slice_head(n=30)	row-wise z-score; mean(intersect(up, expression rows)) - mean(intersect(down, expression rows)); missing genes excluded	scripts/historical/implantation_failure_atlas_final_isolated.R	c70259c085c93161551cec46dc255e9041e02dce8257570ac544284721685a78	Recovered and version-matched historical membership	e1cd1d6020cc9697bc3be6765f4f6ebd0a6bba5467c5afc25bd4b10fb4bca83f
endometriosis_lesion	positive	AC140912.1	22	positive	analysis/02_endometriosis/round4_deep/tables/Figure_ENDO_2A_Ectopic_vs_Eutopic_deg.csv	adj.P.Val < 0.05; split logFC sign; sort adj.P.Val ascending; slice_head(n=30)	row-wise z-score; mean(intersect(up, expression rows)) - mean(intersect(down, expression rows)); missing genes excluded	scripts/historical/implantation_failure_atlas_final_isolated.R	c70259c085c93161551cec46dc255e9041e02dce8257570ac544284721685a78	Recovered and version-matched historical membership	e1cd1d6020cc9697bc3be6765f4f6ebd0a6bba5467c5afc25bd4b10fb4bca83f
endometriosis_lesion	positive	TBC1D1	23	positive	analysis/02_endometriosis/round4_deep/tables/Figure_ENDO_2A_Ectopic_vs_Eutopic_deg.csv	adj.P.Val < 0.05; split logFC sign; sort adj.P.Val ascending; slice_head(n=30)	row-wise z-score; mean(intersect(up, expression rows)) - mean(intersect(down, expression rows)); missing genes excluded	scripts/historical/implantation_failure_atlas_final_isolated.R	c70259c085c93161551cec46dc255e9041e02dce8257570ac544284721685a78	Recovered and version-matched historical membership	e1cd1d6020cc9697bc3be6765f4f6ebd0a6bba5467c5afc25bd4b10fb4bca83f
endometriosis_lesion	positive	CD1D	24	positive	analysis/02_endometriosis/round4_deep/tables/Figure_ENDO_2A_Ectopic_vs_Eutopic_deg.csv	adj.P.Val < 0.05; split logFC sign; sort adj.P.Val ascending; slice_head(n=30)	row-wise z-score; mean(intersect(up, expression rows)) - mean(intersect(down, expression rows)); missing genes excluded	scripts/historical/implantation_failure_atlas_final_isolated.R	c70259c085c93161551cec46dc255e9041e02dce8257570ac544284721685a78	Recovered and version-matched historical membership	e1cd1d6020cc9697bc3be6765f4f6ebd0a6bba5467c5afc25bd4b10fb4bca83f
endometriosis_lesion	positive	CSF3R	25	positive	analysis/02_endometriosis/round4_deep/tables/Figure_ENDO_2A_Ectopic_vs_Eutopic_deg.csv	adj.P.Val < 0.05; split logFC sign; sort adj.P.Val ascending; slice_head(n=30)	row-wise z-score; mean(intersect(up, expression rows)) - mean(intersect(down, expression rows)); missing genes excluded	scripts/historical/implantation_failure_atlas_final_isolated.R	c70259c085c93161551cec46dc255e9041e02dce8257570ac544284721685a78	Recovered and version-matched historical membership	e1cd1d6020cc9697bc3be6765f4f6ebd0a6bba5467c5afc25bd4b10fb4bca83f
endometriosis_lesion	positive	CYR61	26	positive	analysis/02_endometriosis/round4_deep/tables/Figure_ENDO_2A_Ectopic_vs_Eutopic_deg.csv	adj.P.Val < 0.05; split logFC sign; sort adj.P.Val ascending; slice_head(n=30)	row-wise z-score; mean(intersect(up, expression rows)) - mean(intersect(down, expression rows)); missing genes excluded	scripts/historical/implantation_failure_atlas_final_isolated.R	c70259c085c93161551cec46dc255e9041e02dce8257570ac544284721685a78	Recovered and version-matched historical membership	e1cd1d6020cc9697bc3be6765f4f6ebd0a6bba5467c5afc25bd4b10fb4bca83f
endometriosis_lesion	positive	SPEG	27	positive	analysis/02_endometriosis/round4_deep/tables/Figure_ENDO_2A_Ectopic_vs_Eutopic_deg.csv	adj.P.Val < 0.05; split logFC sign; sort adj.P.Val ascending; slice_head(n=30)	row-wise z-score; mean(intersect(up, expression rows)) - mean(intersect(down, expression rows)); missing genes excluded	scripts/historical/implantation_failure_atlas_final_isolated.R	c70259c085c93161551cec46dc255e9041e02dce8257570ac544284721685a78	Recovered and version-matched historical membership	e1cd1d6020cc9697bc3be6765f4f6ebd0a6bba5467c5afc25bd4b10fb4bca83f
endometriosis_lesion	positive	LILRB5	28	positive	analysis/02_endometriosis/round4_deep/tables/Figure_ENDO_2A_Ectopic_vs_Eutopic_deg.csv	adj.P.Val < 0.05; split logFC sign; sort adj.P.Val ascending; slice_head(n=30)	row-wise z-score; mean(intersect(up, expression rows)) - mean(intersect(down, expression rows)); missing genes excluded	scripts/historical/implantation_failure_atlas_final_isolated.R	c70259c085c93161551cec46dc255e9041e02dce8257570ac544284721685a78	Recovered and version-matched historical membership	e1cd1d6020cc9697bc3be6765f4f6ebd0a6bba5467c5afc25bd4b10fb4bca83f
endometriosis_lesion	positive	STAB1	29	positive	analysis/02_endometriosis/round4_deep/tables/Figure_ENDO_2A_Ectopic_vs_Eutopic_deg.csv	adj.P.Val < 0.05; split logFC sign; sort adj.P.Val ascending; slice_head(n=30)	row-wise z-score; mean(intersect(up, expression rows)) - mean(intersect(down, expression rows)); missing genes excluded	scripts/historical/implantation_failure_atlas_final_isolated.R	c70259c085c93161551cec46dc255e9041e02dce8257570ac544284721685a78	Recovered and version-matched historical membership	e1cd1d6020cc9697bc3be6765f4f6ebd0a6bba5467c5afc25bd4b10fb4bca83f
endometriosis_lesion	positive	KLF7	30	positive	analysis/02_endometriosis/round4_deep/tables/Figure_ENDO_2A_Ectopic_vs_Eutopic_deg.csv	adj.P.Val < 0.05; split logFC sign; sort adj.P.Val ascending; slice_head(n=30)	row-wise z-score; mean(intersect(up, expression rows)) - mean(intersect(down, expression rows)); missing genes excluded	scripts/historical/implantation_failure_atlas_final_isolated.R	c70259c085c93161551cec46dc255e9041e02dce8257570ac544284721685a78	Recovered and version-matched historical membership	e1cd1d6020cc9697bc3be6765f4f6ebd0a6bba5467c5afc25bd4b10fb4bca83f
endometriosis_lesion	negative	ERN2	1	negative	analysis/02_endometriosis/round4_deep/tables/Figure_ENDO_2A_Ectopic_vs_Eutopic_deg.csv	adj.P.Val < 0.05; split logFC sign; sort adj.P.Val ascending; slice_head(n=30)	row-wise z-score; mean(intersect(up, expression rows)) - mean(intersect(down, expression rows)); missing genes excluded	scripts/historical/implantation_failure_atlas_final_isolated.R	c70259c085c93161551cec46dc255e9041e02dce8257570ac544284721685a78	Recovered and version-matched historical membership	e1cd1d6020cc9697bc3be6765f4f6ebd0a6bba5467c5afc25bd4b10fb4bca83f
endometriosis_lesion	negative	CHST6	2	negative	analysis/02_endometriosis/round4_deep/tables/Figure_ENDO_2A_Ectopic_vs_Eutopic_deg.csv	adj.P.Val < 0.05; split logFC sign; sort adj.P.Val ascending; slice_head(n=30)	row-wise z-score; mean(intersect(up, expression rows)) - mean(intersect(down, expression rows)); missing genes excluded	scripts/historical/implantation_failure_atlas_final_isolated.R	c70259c085c93161551cec46dc255e9041e02dce8257570ac544284721685a78	Recovered and version-matched historical membership	e1cd1d6020cc9697bc3be6765f4f6ebd0a6bba5467c5afc25bd4b10fb4bca83f
endometriosis_lesion	negative	SPINK5	3	negative	analysis/02_endometriosis/round4_deep/tables/Figure_ENDO_2A_Ectopic_vs_Eutopic_deg.csv	adj.P.Val < 0.05; split logFC sign; sort adj.P.Val ascending; slice_head(n=30)	row-wise z-score; mean(intersect(up, expression rows)) - mean(intersect(down, expression rows)); missing genes excluded	scripts/historical/implantation_failure_atlas_final_isolated.R	c70259c085c93161551cec46dc255e9041e02dce8257570ac544284721685a78	Recovered and version-matched historical membership	e1cd1d6020cc9697bc3be6765f4f6ebd0a6bba5467c5afc25bd4b10fb4bca83f
endometriosis_lesion	negative	TMEM212	4	negative	analysis/02_endometriosis/round4_deep/tables/Figure_ENDO_2A_Ectopic_vs_Eutopic_deg.csv	adj.P.Val < 0.05; split logFC sign; sort adj.P.Val ascending; slice_head(n=30)	row-wise z-score; mean(intersect(up, expression rows)) - mean(intersect(down, expression rows)); missing genes excluded	scripts/historical/implantation_failure_atlas_final_isolated.R	c70259c085c93161551cec46dc255e9041e02dce8257570ac544284721685a78	Recovered and version-matched historical membership	e1cd1d6020cc9697bc3be6765f4f6ebd0a6bba5467c5afc25bd4b10fb4bca83f
endometriosis_lesion	negative	LRRC18	5	negative	analysis/02_endometriosis/round4_deep/tables/Figure_ENDO_2A_Ectopic_vs_Eutopic_deg.csv	adj.P.Val < 0.05; split logFC sign; sort adj.P.Val ascending; slice_head(n=30)	row-wise z-score; mean(intersect(up, expression rows)) - mean(intersect(down, expression rows)); missing genes excluded	scripts/historical/implantation_failure_atlas_final_isolated.R	c70259c085c93161551cec46dc255e9041e02dce8257570ac544284721685a78	Recovered and version-matched historical membership	e1cd1d6020cc9697bc3be6765f4f6ebd0a6bba5467c5afc25bd4b10fb4bca83f
endometriosis_lesion	negative	CCDC60	6	negative	analysis/02_endometriosis/round4_deep/tables/Figure_ENDO_2A_Ectopic_vs_Eutopic_deg.csv	adj.P.Val < 0.05; split logFC sign; sort adj.P.Val ascending; slice_head(n=30)	row-wise z-score; mean(intersect(up, expression rows)) - mean(intersect(down, expression rows)); missing genes excluded	scripts/historical/implantation_failure_atlas_final_isolated.R	c70259c085c93161551cec46dc255e9041e02dce8257570ac544284721685a78	Recovered and version-matched historical membership	e1cd1d6020cc9697bc3be6765f4f6ebd0a6bba5467c5afc25bd4b10fb4bca83f
endometriosis_lesion	negative	PIP	7	negative	analysis/02_endometriosis/round4_deep/tables/Figure_ENDO_2A_Ectopic_vs_Eutopic_deg.csv	adj.P.Val < 0.05; split logFC sign; sort adj.P.Val ascending; slice_head(n=30)	row-wise z-score; mean(intersect(up, expression rows)) - mean(intersect(down, expression rows)); missing genes excluded	scripts/historical/implantation_failure_atlas_final_isolated.R	c70259c085c93161551cec46dc255e9041e02dce8257570ac544284721685a78	Recovered and version-matched historical membership	e1cd1d6020cc9697bc3be6765f4f6ebd0a6bba5467c5afc25bd4b10fb4bca83f
endometriosis_lesion	negative	AC073911.1	8	negative	analysis/02_endometriosis/round4_deep/tables/Figure_ENDO_2A_Ectopic_vs_Eutopic_deg.csv	adj.P.Val < 0.05; split logFC sign; sort adj.P.Val ascending; slice_head(n=30)	row-wise z-score; mean(intersect(up, expression rows)) - mean(intersect(down, expression rows)); missing genes excluded	scripts/historical/implantation_failure_atlas_final_isolated.R	c70259c085c93161551cec46dc255e9041e02dce8257570ac544284721685a78	Recovered and version-matched historical membership	e1cd1d6020cc9697bc3be6765f4f6ebd0a6bba5467c5afc25bd4b10fb4bca83f
endometriosis_lesion	negative	WFDC6	9	negative	analysis/02_endometriosis/round4_deep/tables/Figure_ENDO_2A_Ectopic_vs_Eutopic_deg.csv	adj.P.Val < 0.05; split logFC sign; sort adj.P.Val ascending; slice_head(n=30)	row-wise z-score; mean(intersect(up, expression rows)) - mean(intersect(down, expression rows)); missing genes excluded	scripts/historical/implantation_failure_atlas_final_isolated.R	c70259c085c93161551cec46dc255e9041e02dce8257570ac544284721685a78	Recovered and version-matched historical membership	e1cd1d6020cc9697bc3be6765f4f6ebd0a6bba5467c5afc25bd4b10fb4bca83f
endometriosis_lesion	negative	UNC119B	10	negative	analysis/02_endometriosis/round4_deep/tables/Figure_ENDO_2A_Ectopic_vs_Eutopic_deg.csv	adj.P.Val < 0.05; split logFC sign; sort adj.P.Val ascending; slice_head(n=30)	row-wise z-score; mean(intersect(up, expression rows)) - mean(intersect(down, expression rows)); missing genes excluded	scripts/historical/implantation_failure_atlas_final_isolated.R	c70259c085c93161551cec46dc255e9041e02dce8257570ac544284721685a78	Recovered and version-matched historical membership	e1cd1d6020cc9697bc3be6765f4f6ebd0a6bba5467c5afc25bd4b10fb4bca83f
endometriosis_lesion	negative	CHST9	11	negative	analysis/02_endometriosis/round4_deep/tables/Figure_ENDO_2A_Ectopic_vs_Eutopic_deg.csv	adj.P.Val < 0.05; split logFC sign; sort adj.P.Val ascending; slice_head(n=30)	row-wise z-score; mean(intersect(up, expression rows)) - mean(intersect(down, expression rows)); missing genes excluded	scripts/historical/implantation_failure_atlas_final_isolated.R	c70259c085c93161551cec46dc255e9041e02dce8257570ac544284721685a78	Recovered and version-matched historical membership	e1cd1d6020cc9697bc3be6765f4f6ebd0a6bba5467c5afc25bd4b10fb4bca83f
endometriosis_lesion	negative	MUC13	12	negative	analysis/02_endometriosis/round4_deep/tables/Figure_ENDO_2A_Ectopic_vs_Eutopic_deg.csv	adj.P.Val < 0.05; split logFC sign; sort adj.P.Val ascending; slice_head(n=30)	row-wise z-score; mean(intersect(up, expression rows)) - mean(intersect(down, expression rows)); missing genes excluded	scripts/historical/implantation_failure_atlas_final_isolated.R	c70259c085c93161551cec46dc255e9041e02dce8257570ac544284721685a78	Recovered and version-matched historical membership	e1cd1d6020cc9697bc3be6765f4f6ebd0a6bba5467c5afc25bd4b10fb4bca83f
endometriosis_lesion	negative	AC078864.2	13	negative	analysis/02_endometriosis/round4_deep/tables/Figure_ENDO_2A_Ectopic_vs_Eutopic_deg.csv	adj.P.Val < 0.05; split logFC sign; sort adj.P.Val ascending; slice_head(n=30)	row-wise z-score; mean(intersect(up, expression rows)) - mean(intersect(down, expression rows)); missing genes excluded	scripts/historical/implantation_failure_atlas_final_isolated.R	c70259c085c93161551cec46dc255e9041e02dce8257570ac544284721685a78	Recovered and version-matched historical membership	e1cd1d6020cc9697bc3be6765f4f6ebd0a6bba5467c5afc25bd4b10fb4bca83f
endometriosis_lesion	negative	TFF3	14	negative	analysis/02_endometriosis/round4_deep/tables/Figure_ENDO_2A_Ectopic_vs_Eutopic_deg.csv	adj.P.Val < 0.05; split logFC sign; sort adj.P.Val ascending; slice_head(n=30)	row-wise z-score; mean(intersect(up, expression rows)) - mean(intersect(down, expression rows)); missing genes excluded	scripts/historical/implantation_failure_atlas_final_isolated.R	c70259c085c93161551cec46dc255e9041e02dce8257570ac544284721685a78	Recovered and version-matched historical membership	e1cd1d6020cc9697bc3be6765f4f6ebd0a6bba5467c5afc25bd4b10fb4bca83f
endometriosis_lesion	negative	LDLRAD1	15	negative	analysis/02_endometriosis/round4_deep/tables/Figure_ENDO_2A_Ectopic_vs_Eutopic_deg.csv	adj.P.Val < 0.05; split logFC sign; sort adj.P.Val ascending; slice_head(n=30)	row-wise z-score; mean(intersect(up, expression rows)) - mean(intersect(down, expression rows)); missing genes excluded	scripts/historical/implantation_failure_atlas_final_isolated.R	c70259c085c93161551cec46dc255e9041e02dce8257570ac544284721685a78	Recovered and version-matched historical membership	e1cd1d6020cc9697bc3be6765f4f6ebd0a6bba5467c5afc25bd4b10fb4bca83f
endometriosis_lesion	negative	AOC1	16	negative	analysis/02_endometriosis/round4_deep/tables/Figure_ENDO_2A_Ectopic_vs_Eutopic_deg.csv	adj.P.Val < 0.05; split logFC sign; sort adj.P.Val ascending; slice_head(n=30)	row-wise z-score; mean(intersect(up, expression rows)) - mean(intersect(down, expression rows)); missing genes excluded	scripts/historical/implantation_failure_atlas_final_isolated.R	c70259c085c93161551cec46dc255e9041e02dce8257570ac544284721685a78	Recovered and version-matched historical membership	e1cd1d6020cc9697bc3be6765f4f6ebd0a6bba5467c5afc25bd4b10fb4bca83f
endometriosis_lesion	negative	DNAI1	17	negative	analysis/02_endometriosis/round4_deep/tables/Figure_ENDO_2A_Ectopic_vs_Eutopic_deg.csv	adj.P.Val < 0.05; split logFC sign; sort adj.P.Val ascending; slice_head(n=30)	row-wise z-score; mean(intersect(up, expression rows)) - mean(intersect(down, expression rows)); missing genes excluded	scripts/historical/implantation_failure_atlas_final_isolated.R	c70259c085c93161551cec46dc255e9041e02dce8257570ac544284721685a78	Recovered and version-matched historical membership	e1cd1d6020cc9697bc3be6765f4f6ebd0a6bba5467c5afc25bd4b10fb4bca83f
endometriosis_lesion	negative	APOBEC4	18	negative	analysis/02_endometriosis/round4_deep/tables/Figure_ENDO_2A_Ectopic_vs_Eutopic_deg.csv	adj.P.Val < 0.05; split logFC sign; sort adj.P.Val ascending; slice_head(n=30)	row-wise z-score; mean(intersect(up, expression rows)) - mean(intersect(down, expression rows)); missing genes excluded	scripts/historical/implantation_failure_atlas_final_isolated.R	c70259c085c93161551cec46dc255e9041e02dce8257570ac544284721685a78	Recovered and version-matched historical membership	e1cd1d6020cc9697bc3be6765f4f6ebd0a6bba5467c5afc25bd4b10fb4bca83f
endometriosis_lesion	negative	SLC5A8	19	negative	analysis/02_endometriosis/round4_deep/tables/Figure_ENDO_2A_Ectopic_vs_Eutopic_deg.csv	adj.P.Val < 0.05; split logFC sign; sort adj.P.Val ascending; slice_head(n=30)	row-wise z-score; mean(intersect(up, expression rows)) - mean(intersect(down, expression rows)); missing genes excluded	scripts/historical/implantation_failure_atlas_final_isolated.R	c70259c085c93161551cec46dc255e9041e02dce8257570ac544284721685a78	Recovered and version-matched historical membership	e1cd1d6020cc9697bc3be6765f4f6ebd0a6bba5467c5afc25bd4b10fb4bca83f
endometriosis_lesion	negative	ATP2C2	20	negative	analysis/02_endometriosis/round4_deep/tables/Figure_ENDO_2A_Ectopic_vs_Eutopic_deg.csv	adj.P.Val < 0.05; split logFC sign; sort adj.P.Val ascending; slice_head(n=30)	row-wise z-score; mean(intersect(up, expression rows)) - mean(intersect(down, expression rows)); missing genes excluded	scripts/historical/implantation_failure_atlas_final_isolated.R	c70259c085c93161551cec46dc255e9041e02dce8257570ac544284721685a78	Recovered and version-matched historical membership	e1cd1d6020cc9697bc3be6765f4f6ebd0a6bba5467c5afc25bd4b10fb4bca83f
endometriosis_lesion	negative	RNF183	21	negative	analysis/02_endometriosis/round4_deep/tables/Figure_ENDO_2A_Ectopic_vs_Eutopic_deg.csv	adj.P.Val < 0.05; split logFC sign; sort adj.P.Val ascending; slice_head(n=30)	row-wise z-score; mean(intersect(up, expression rows)) - mean(intersect(down, expression rows)); missing genes excluded	scripts/historical/implantation_failure_atlas_final_isolated.R	c70259c085c93161551cec46dc255e9041e02dce8257570ac544284721685a78	Recovered and version-matched historical membership	e1cd1d6020cc9697bc3be6765f4f6ebd0a6bba5467c5afc25bd4b10fb4bca83f
endometriosis_lesion	negative	ABHD17C	22	negative	analysis/02_endometriosis/round4_deep/tables/Figure_ENDO_2A_Ectopic_vs_Eutopic_deg.csv	adj.P.Val < 0.05; split logFC sign; sort adj.P.Val ascending; slice_head(n=30)	row-wise z-score; mean(intersect(up, expression rows)) - mean(intersect(down, expression rows)); missing genes excluded	scripts/historical/implantation_failure_atlas_final_isolated.R	c70259c085c93161551cec46dc255e9041e02dce8257570ac544284721685a78	Recovered and version-matched historical membership	e1cd1d6020cc9697bc3be6765f4f6ebd0a6bba5467c5afc25bd4b10fb4bca83f
endometriosis_lesion	negative	AL117382.1	23	negative	analysis/02_endometriosis/round4_deep/tables/Figure_ENDO_2A_Ectopic_vs_Eutopic_deg.csv	adj.P.Val < 0.05; split logFC sign; sort adj.P.Val ascending; slice_head(n=30)	row-wise z-score; mean(intersect(up, expression rows)) - mean(intersect(down, expression rows)); missing genes excluded	scripts/historical/implantation_failure_atlas_final_isolated.R	c70259c085c93161551cec46dc255e9041e02dce8257570ac544284721685a78	Recovered and version-matched historical membership	e1cd1d6020cc9697bc3be6765f4f6ebd0a6bba5467c5afc25bd4b10fb4bca83f
endometriosis_lesion	negative	CATSPERD	24	negative	analysis/02_endometriosis/round4_deep/tables/Figure_ENDO_2A_Ectopic_vs_Eutopic_deg.csv	adj.P.Val < 0.05; split logFC sign; sort adj.P.Val ascending; slice_head(n=30)	row-wise z-score; mean(intersect(up, expression rows)) - mean(intersect(down, expression rows)); missing genes excluded	scripts/historical/implantation_failure_atlas_final_isolated.R	c70259c085c93161551cec46dc255e9041e02dce8257570ac544284721685a78	Recovered and version-matched historical membership	e1cd1d6020cc9697bc3be6765f4f6ebd0a6bba5467c5afc25bd4b10fb4bca83f
endometriosis_lesion	negative	CXXC4	25	negative	analysis/02_endometriosis/round4_deep/tables/Figure_ENDO_2A_Ectopic_vs_Eutopic_deg.csv	adj.P.Val < 0.05; split logFC sign; sort adj.P.Val ascending; slice_head(n=30)	row-wise z-score; mean(intersect(up, expression rows)) - mean(intersect(down, expression rows)); missing genes excluded	scripts/historical/implantation_failure_atlas_final_isolated.R	c70259c085c93161551cec46dc255e9041e02dce8257570ac544284721685a78	Recovered and version-matched historical membership	e1cd1d6020cc9697bc3be6765f4f6ebd0a6bba5467c5afc25bd4b10fb4bca83f
endometriosis_lesion	negative	ERICH3	26	negative	analysis/02_endometriosis/round4_deep/tables/Figure_ENDO_2A_Ectopic_vs_Eutopic_deg.csv	adj.P.Val < 0.05; split logFC sign; sort adj.P.Val ascending; slice_head(n=30)	row-wise z-score; mean(intersect(up, expression rows)) - mean(intersect(down, expression rows)); missing genes excluded	scripts/historical/implantation_failure_atlas_final_isolated.R	c70259c085c93161551cec46dc255e9041e02dce8257570ac544284721685a78	Recovered and version-matched historical membership	e1cd1d6020cc9697bc3be6765f4f6ebd0a6bba5467c5afc25bd4b10fb4bca83f
endometriosis_lesion	negative	WDR38	27	negative	analysis/02_endometriosis/round4_deep/tables/Figure_ENDO_2A_Ectopic_vs_Eutopic_deg.csv	adj.P.Val < 0.05; split logFC sign; sort adj.P.Val ascending; slice_head(n=30)	row-wise z-score; mean(intersect(up, expression rows)) - mean(intersect(down, expression rows)); missing genes excluded	scripts/historical/implantation_failure_atlas_final_isolated.R	c70259c085c93161551cec46dc255e9041e02dce8257570ac544284721685a78	Recovered and version-matched historical membership	e1cd1d6020cc9697bc3be6765f4f6ebd0a6bba5467c5afc25bd4b10fb4bca83f
endometriosis_lesion	negative	SLC51B	28	negative	analysis/02_endometriosis/round4_deep/tables/Figure_ENDO_2A_Ectopic_vs_Eutopic_deg.csv	adj.P.Val < 0.05; split logFC sign; sort adj.P.Val ascending; slice_head(n=30)	row-wise z-score; mean(intersect(up, expression rows)) - mean(intersect(down, expression rows)); missing genes excluded	scripts/historical/implantation_failure_atlas_final_isolated.R	c70259c085c93161551cec46dc255e9041e02dce8257570ac544284721685a78	Recovered and version-matched historical membership	e1cd1d6020cc9697bc3be6765f4f6ebd0a6bba5467c5afc25bd4b10fb4bca83f
endometriosis_lesion	negative	FRMPD2	29	negative	analysis/02_endometriosis/round4_deep/tables/Figure_ENDO_2A_Ectopic_vs_Eutopic_deg.csv	adj.P.Val < 0.05; split logFC sign; sort adj.P.Val ascending; slice_head(n=30)	row-wise z-score; mean(intersect(up, expression rows)) - mean(intersect(down, expression rows)); missing genes excluded	scripts/historical/implantation_failure_atlas_final_isolated.R	c70259c085c93161551cec46dc255e9041e02dce8257570ac544284721685a78	Recovered and version-matched historical membership	e1cd1d6020cc9697bc3be6765f4f6ebd0a6bba5467c5afc25bd4b10fb4bca83f
endometriosis_lesion	negative	SPATA4	30	negative	analysis/02_endometriosis/round4_deep/tables/Figure_ENDO_2A_Ectopic_vs_Eutopic_deg.csv	adj.P.Val < 0.05; split logFC sign; sort adj.P.Val ascending; slice_head(n=30)	row-wise z-score; mean(intersect(up, expression rows)) - mean(intersect(down, expression rows)); missing genes excluded	scripts/historical/implantation_failure_atlas_final_isolated.R	c70259c085c93161551cec46dc255e9041e02dce8257570ac544284721685a78	Recovered and version-matched historical membership	e1cd1d6020cc9697bc3be6765f4f6ebd0a6bba5467c5afc25bd4b10fb4bca83f
adenomyosis_consensus	up	ZBTB7A	1	up	analysis/04_adenomyosis/round4_deep/tables/consensus_adenomyosis_signature.csv	round4 consensus_up column	row-wise z-score; mean(intersect(up, expression rows)) - mean(intersect(down, expression rows)); missing genes excluded	scripts/historical/implantation_failure_atlas_final_isolated.R	c70259c085c93161551cec46dc255e9041e02dce8257570ac544284721685a78	Recovered and version-matched historical membership	e1cd1d6020cc9697bc3be6765f4f6ebd0a6bba5467c5afc25bd4b10fb4bca83f
adenomyosis_consensus	up	FOXD2-AS1	2	up	analysis/04_adenomyosis/round4_deep/tables/consensus_adenomyosis_signature.csv	round4 consensus_up column	row-wise z-score; mean(intersect(up, expression rows)) - mean(intersect(down, expression rows)); missing genes excluded	scripts/historical/implantation_failure_atlas_final_isolated.R	c70259c085c93161551cec46dc255e9041e02dce8257570ac544284721685a78	Recovered and version-matched historical membership	e1cd1d6020cc9697bc3be6765f4f6ebd0a6bba5467c5afc25bd4b10fb4bca83f
adenomyosis_consensus	up	CDA	3	up	analysis/04_adenomyosis/round4_deep/tables/consensus_adenomyosis_signature.csv	round4 consensus_up column	row-wise z-score; mean(intersect(up, expression rows)) - mean(intersect(down, expression rows)); missing genes excluded	scripts/historical/implantation_failure_atlas_final_isolated.R	c70259c085c93161551cec46dc255e9041e02dce8257570ac544284721685a78	Recovered and version-matched historical membership	e1cd1d6020cc9697bc3be6765f4f6ebd0a6bba5467c5afc25bd4b10fb4bca83f
adenomyosis_consensus	up	B3GNT7	4	up	analysis/04_adenomyosis/round4_deep/tables/consensus_adenomyosis_signature.csv	round4 consensus_up column	row-wise z-score; mean(intersect(up, expression rows)) - mean(intersect(down, expression rows)); missing genes excluded	scripts/historical/implantation_failure_atlas_final_isolated.R	c70259c085c93161551cec46dc255e9041e02dce8257570ac544284721685a78	Recovered and version-matched historical membership	e1cd1d6020cc9697bc3be6765f4f6ebd0a6bba5467c5afc25bd4b10fb4bca83f
adenomyosis_consensus	up	TFAP2A-AS1	5	up	analysis/04_adenomyosis/round4_deep/tables/consensus_adenomyosis_signature.csv	round4 consensus_up column	row-wise z-score; mean(intersect(up, expression rows)) - mean(intersect(down, expression rows)); missing genes excluded	scripts/historical/implantation_failure_atlas_final_isolated.R	c70259c085c93161551cec46dc255e9041e02dce8257570ac544284721685a78	Recovered and version-matched historical membership	e1cd1d6020cc9697bc3be6765f4f6ebd0a6bba5467c5afc25bd4b10fb4bca83f
adenomyosis_consensus	up	PVT1	6	up	analysis/04_adenomyosis/round4_deep/tables/consensus_adenomyosis_signature.csv	round4 consensus_up column	row-wise z-score; mean(intersect(up, expression rows)) - mean(intersect(down, expression rows)); missing genes excluded	scripts/historical/implantation_failure_atlas_final_isolated.R	c70259c085c93161551cec46dc255e9041e02dce8257570ac544284721685a78	Recovered and version-matched historical membership	e1cd1d6020cc9697bc3be6765f4f6ebd0a6bba5467c5afc25bd4b10fb4bca83f
adenomyosis_consensus	up	JUND	7	up	analysis/04_adenomyosis/round4_deep/tables/consensus_adenomyosis_signature.csv	round4 consensus_up column	row-wise z-score; mean(intersect(up, expression rows)) - mean(intersect(down, expression rows)); missing genes excluded	scripts/historical/implantation_failure_atlas_final_isolated.R	c70259c085c93161551cec46dc255e9041e02dce8257570ac544284721685a78	Recovered and version-matched historical membership	e1cd1d6020cc9697bc3be6765f4f6ebd0a6bba5467c5afc25bd4b10fb4bca83f
adenomyosis_consensus	up	INSR	8	up	analysis/04_adenomyosis/round4_deep/tables/consensus_adenomyosis_signature.csv	round4 consensus_up column	row-wise z-score; mean(intersect(up, expression rows)) - mean(intersect(down, expression rows)); missing genes excluded	scripts/historical/implantation_failure_atlas_final_isolated.R	c70259c085c93161551cec46dc255e9041e02dce8257570ac544284721685a78	Recovered and version-matched historical membership	e1cd1d6020cc9697bc3be6765f4f6ebd0a6bba5467c5afc25bd4b10fb4bca83f
adenomyosis_consensus	up	IER5L	9	up	analysis/04_adenomyosis/round4_deep/tables/consensus_adenomyosis_signature.csv	round4 consensus_up column	row-wise z-score; mean(intersect(up, expression rows)) - mean(intersect(down, expression rows)); missing genes excluded	scripts/historical/implantation_failure_atlas_final_isolated.R	c70259c085c93161551cec46dc255e9041e02dce8257570ac544284721685a78	Recovered and version-matched historical membership	e1cd1d6020cc9697bc3be6765f4f6ebd0a6bba5467c5afc25bd4b10fb4bca83f
adenomyosis_consensus	up	EPB41L4A-AS1	10	up	analysis/04_adenomyosis/round4_deep/tables/consensus_adenomyosis_signature.csv	round4 consensus_up column	row-wise z-score; mean(intersect(up, expression rows)) - mean(intersect(down, expression rows)); missing genes excluded	scripts/historical/implantation_failure_atlas_final_isolated.R	c70259c085c93161551cec46dc255e9041e02dce8257570ac544284721685a78	Recovered and version-matched historical membership	e1cd1d6020cc9697bc3be6765f4f6ebd0a6bba5467c5afc25bd4b10fb4bca83f
adenomyosis_consensus	up	PIM1	11	up	analysis/04_adenomyosis/round4_deep/tables/consensus_adenomyosis_signature.csv	round4 consensus_up column	row-wise z-score; mean(intersect(up, expression rows)) - mean(intersect(down, expression rows)); missing genes excluded	scripts/historical/implantation_failure_atlas_final_isolated.R	c70259c085c93161551cec46dc255e9041e02dce8257570ac544284721685a78	Recovered and version-matched historical membership	e1cd1d6020cc9697bc3be6765f4f6ebd0a6bba5467c5afc25bd4b10fb4bca83f
adenomyosis_consensus	up	TNFSF9	12	up	analysis/04_adenomyosis/round4_deep/tables/consensus_adenomyosis_signature.csv	round4 consensus_up column	row-wise z-score; mean(intersect(up, expression rows)) - mean(intersect(down, expression rows)); missing genes excluded	scripts/historical/implantation_failure_atlas_final_isolated.R	c70259c085c93161551cec46dc255e9041e02dce8257570ac544284721685a78	Recovered and version-matched historical membership	e1cd1d6020cc9697bc3be6765f4f6ebd0a6bba5467c5afc25bd4b10fb4bca83f
adenomyosis_consensus	up	CIR1	13	up	analysis/04_adenomyosis/round4_deep/tables/consensus_adenomyosis_signature.csv	round4 consensus_up column	row-wise z-score; mean(intersect(up, expression rows)) - mean(intersect(down, expression rows)); missing genes excluded	scripts/historical/implantation_failure_atlas_final_isolated.R	c70259c085c93161551cec46dc255e9041e02dce8257570ac544284721685a78	Recovered and version-matched historical membership	e1cd1d6020cc9697bc3be6765f4f6ebd0a6bba5467c5afc25bd4b10fb4bca83f
adenomyosis_consensus	up	GDF15	14	up	analysis/04_adenomyosis/round4_deep/tables/consensus_adenomyosis_signature.csv	round4 consensus_up column	row-wise z-score; mean(intersect(up, expression rows)) - mean(intersect(down, expression rows)); missing genes excluded	scripts/historical/implantation_failure_atlas_final_isolated.R	c70259c085c93161551cec46dc255e9041e02dce8257570ac544284721685a78	Recovered and version-matched historical membership	e1cd1d6020cc9697bc3be6765f4f6ebd0a6bba5467c5afc25bd4b10fb4bca83f
adenomyosis_consensus	up	SNHG7	15	up	analysis/04_adenomyosis/round4_deep/tables/consensus_adenomyosis_signature.csv	round4 consensus_up column	row-wise z-score; mean(intersect(up, expression rows)) - mean(intersect(down, expression rows)); missing genes excluded	scripts/historical/implantation_failure_atlas_final_isolated.R	c70259c085c93161551cec46dc255e9041e02dce8257570ac544284721685a78	Recovered and version-matched historical membership	e1cd1d6020cc9697bc3be6765f4f6ebd0a6bba5467c5afc25bd4b10fb4bca83f
adenomyosis_consensus	up	RNF39	16	up	analysis/04_adenomyosis/round4_deep/tables/consensus_adenomyosis_signature.csv	round4 consensus_up column	row-wise z-score; mean(intersect(up, expression rows)) - mean(intersect(down, expression rows)); missing genes excluded	scripts/historical/implantation_failure_atlas_final_isolated.R	c70259c085c93161551cec46dc255e9041e02dce8257570ac544284721685a78	Recovered and version-matched historical membership	e1cd1d6020cc9697bc3be6765f4f6ebd0a6bba5467c5afc25bd4b10fb4bca83f
adenomyosis_consensus	up	TMEM81	17	up	analysis/04_adenomyosis/round4_deep/tables/consensus_adenomyosis_signature.csv	round4 consensus_up column	row-wise z-score; mean(intersect(up, expression rows)) - mean(intersect(down, expression rows)); missing genes excluded	scripts/historical/implantation_failure_atlas_final_isolated.R	c70259c085c93161551cec46dc255e9041e02dce8257570ac544284721685a78	Recovered and version-matched historical membership	e1cd1d6020cc9697bc3be6765f4f6ebd0a6bba5467c5afc25bd4b10fb4bca83f
adenomyosis_consensus	up	G0S2	18	up	analysis/04_adenomyosis/round4_deep/tables/consensus_adenomyosis_signature.csv	round4 consensus_up column	row-wise z-score; mean(intersect(up, expression rows)) - mean(intersect(down, expression rows)); missing genes excluded	scripts/historical/implantation_failure_atlas_final_isolated.R	c70259c085c93161551cec46dc255e9041e02dce8257570ac544284721685a78	Recovered and version-matched historical membership	e1cd1d6020cc9697bc3be6765f4f6ebd0a6bba5467c5afc25bd4b10fb4bca83f
adenomyosis_consensus	up	PMEPA1	19	up	analysis/04_adenomyosis/round4_deep/tables/consensus_adenomyosis_signature.csv	round4 consensus_up column	row-wise z-score; mean(intersect(up, expression rows)) - mean(intersect(down, expression rows)); missing genes excluded	scripts/historical/implantation_failure_atlas_final_isolated.R	c70259c085c93161551cec46dc255e9041e02dce8257570ac544284721685a78	Recovered and version-matched historical membership	e1cd1d6020cc9697bc3be6765f4f6ebd0a6bba5467c5afc25bd4b10fb4bca83f
adenomyosis_consensus	up	PIM3	20	up	analysis/04_adenomyosis/round4_deep/tables/consensus_adenomyosis_signature.csv	round4 consensus_up column	row-wise z-score; mean(intersect(up, expression rows)) - mean(intersect(down, expression rows)); missing genes excluded	scripts/historical/implantation_failure_atlas_final_isolated.R	c70259c085c93161551cec46dc255e9041e02dce8257570ac544284721685a78	Recovered and version-matched historical membership	e1cd1d6020cc9697bc3be6765f4f6ebd0a6bba5467c5afc25bd4b10fb4bca83f
adenomyosis_consensus	up	GUCA1B	21	up	analysis/04_adenomyosis/round4_deep/tables/consensus_adenomyosis_signature.csv	round4 consensus_up column	row-wise z-score; mean(intersect(up, expression rows)) - mean(intersect(down, expression rows)); missing genes excluded	scripts/historical/implantation_failure_atlas_final_isolated.R	c70259c085c93161551cec46dc255e9041e02dce8257570ac544284721685a78	Recovered and version-matched historical membership	e1cd1d6020cc9697bc3be6765f4f6ebd0a6bba5467c5afc25bd4b10fb4bca83f
adenomyosis_consensus	up	TEX29	22	up	analysis/04_adenomyosis/round4_deep/tables/consensus_adenomyosis_signature.csv	round4 consensus_up column	row-wise z-score; mean(intersect(up, expression rows)) - mean(intersect(down, expression rows)); missing genes excluded	scripts/historical/implantation_failure_atlas_final_isolated.R	c70259c085c93161551cec46dc255e9041e02dce8257570ac544284721685a78	Recovered and version-matched historical membership	e1cd1d6020cc9697bc3be6765f4f6ebd0a6bba5467c5afc25bd4b10fb4bca83f
adenomyosis_consensus	up	HSBP1L1	23	up	analysis/04_adenomyosis/round4_deep/tables/consensus_adenomyosis_signature.csv	round4 consensus_up column	row-wise z-score; mean(intersect(up, expression rows)) - mean(intersect(down, expression rows)); missing genes excluded	scripts/historical/implantation_failure_atlas_final_isolated.R	c70259c085c93161551cec46dc255e9041e02dce8257570ac544284721685a78	Recovered and version-matched historical membership	e1cd1d6020cc9697bc3be6765f4f6ebd0a6bba5467c5afc25bd4b10fb4bca83f
adenomyosis_consensus	up	PKD1L2	24	up	analysis/04_adenomyosis/round4_deep/tables/consensus_adenomyosis_signature.csv	round4 consensus_up column	row-wise z-score; mean(intersect(up, expression rows)) - mean(intersect(down, expression rows)); missing genes excluded	scripts/historical/implantation_failure_atlas_final_isolated.R	c70259c085c93161551cec46dc255e9041e02dce8257570ac544284721685a78	Recovered and version-matched historical membership	e1cd1d6020cc9697bc3be6765f4f6ebd0a6bba5467c5afc25bd4b10fb4bca83f
adenomyosis_consensus	up	IFITM10	25	up	analysis/04_adenomyosis/round4_deep/tables/consensus_adenomyosis_signature.csv	round4 consensus_up column	row-wise z-score; mean(intersect(up, expression rows)) - mean(intersect(down, expression rows)); missing genes excluded	scripts/historical/implantation_failure_atlas_final_isolated.R	c70259c085c93161551cec46dc255e9041e02dce8257570ac544284721685a78	Recovered and version-matched historical membership	e1cd1d6020cc9697bc3be6765f4f6ebd0a6bba5467c5afc25bd4b10fb4bca83f
adenomyosis_consensus	up	KCNN4	26	up	analysis/04_adenomyosis/round4_deep/tables/consensus_adenomyosis_signature.csv	round4 consensus_up column	row-wise z-score; mean(intersect(up, expression rows)) - mean(intersect(down, expression rows)); missing genes excluded	scripts/historical/implantation_failure_atlas_final_isolated.R	c70259c085c93161551cec46dc255e9041e02dce8257570ac544284721685a78	Recovered and version-matched historical membership	e1cd1d6020cc9697bc3be6765f4f6ebd0a6bba5467c5afc25bd4b10fb4bca83f
adenomyosis_consensus	up	EFNA3	27	up	analysis/04_adenomyosis/round4_deep/tables/consensus_adenomyosis_signature.csv	round4 consensus_up column	row-wise z-score; mean(intersect(up, expression rows)) - mean(intersect(down, expression rows)); missing genes excluded	scripts/historical/implantation_failure_atlas_final_isolated.R	c70259c085c93161551cec46dc255e9041e02dce8257570ac544284721685a78	Recovered and version-matched historical membership	e1cd1d6020cc9697bc3be6765f4f6ebd0a6bba5467c5afc25bd4b10fb4bca83f
adenomyosis_consensus	up	CEBPB	28	up	analysis/04_adenomyosis/round4_deep/tables/consensus_adenomyosis_signature.csv	round4 consensus_up column	row-wise z-score; mean(intersect(up, expression rows)) - mean(intersect(down, expression rows)); missing genes excluded	scripts/historical/implantation_failure_atlas_final_isolated.R	c70259c085c93161551cec46dc255e9041e02dce8257570ac544284721685a78	Recovered and version-matched historical membership	e1cd1d6020cc9697bc3be6765f4f6ebd0a6bba5467c5afc25bd4b10fb4bca83f
adenomyosis_consensus	up	H2BC5	29	up	analysis/04_adenomyosis/round4_deep/tables/consensus_adenomyosis_signature.csv	round4 consensus_up column	row-wise z-score; mean(intersect(up, expression rows)) - mean(intersect(down, expression rows)); missing genes excluded	scripts/historical/implantation_failure_atlas_final_isolated.R	c70259c085c93161551cec46dc255e9041e02dce8257570ac544284721685a78	Recovered and version-matched historical membership	e1cd1d6020cc9697bc3be6765f4f6ebd0a6bba5467c5afc25bd4b10fb4bca83f
adenomyosis_consensus	up	IER5	30	up	analysis/04_adenomyosis/round4_deep/tables/consensus_adenomyosis_signature.csv	round4 consensus_up column	row-wise z-score; mean(intersect(up, expression rows)) - mean(intersect(down, expression rows)); missing genes excluded	scripts/historical/implantation_failure_atlas_final_isolated.R	c70259c085c93161551cec46dc255e9041e02dce8257570ac544284721685a78	Recovered and version-matched historical membership	e1cd1d6020cc9697bc3be6765f4f6ebd0a6bba5467c5afc25bd4b10fb4bca83f
adenomyosis_consensus	down	MVB12B	1	down	analysis/04_adenomyosis/round4_deep/tables/consensus_adenomyosis_signature.csv	round4 consensus_down column	row-wise z-score; mean(intersect(up, expression rows)) - mean(intersect(down, expression rows)); missing genes excluded	scripts/historical/implantation_failure_atlas_final_isolated.R	c70259c085c93161551cec46dc255e9041e02dce8257570ac544284721685a78	Recovered and version-matched historical membership	e1cd1d6020cc9697bc3be6765f4f6ebd0a6bba5467c5afc25bd4b10fb4bca83f
adenomyosis_consensus	down	TSPYL5	2	down	analysis/04_adenomyosis/round4_deep/tables/consensus_adenomyosis_signature.csv	round4 consensus_down column	row-wise z-score; mean(intersect(up, expression rows)) - mean(intersect(down, expression rows)); missing genes excluded	scripts/historical/implantation_failure_atlas_final_isolated.R	c70259c085c93161551cec46dc255e9041e02dce8257570ac544284721685a78	Recovered and version-matched historical membership	e1cd1d6020cc9697bc3be6765f4f6ebd0a6bba5467c5afc25bd4b10fb4bca83f
adenomyosis_consensus	down	ZYG11A	3	down	analysis/04_adenomyosis/round4_deep/tables/consensus_adenomyosis_signature.csv	round4 consensus_down column	row-wise z-score; mean(intersect(up, expression rows)) - mean(intersect(down, expression rows)); missing genes excluded	scripts/historical/implantation_failure_atlas_final_isolated.R	c70259c085c93161551cec46dc255e9041e02dce8257570ac544284721685a78	Recovered and version-matched historical membership	e1cd1d6020cc9697bc3be6765f4f6ebd0a6bba5467c5afc25bd4b10fb4bca83f
adenomyosis_consensus	down	RAB15	4	down	analysis/04_adenomyosis/round4_deep/tables/consensus_adenomyosis_signature.csv	round4 consensus_down column	row-wise z-score; mean(intersect(up, expression rows)) - mean(intersect(down, expression rows)); missing genes excluded	scripts/historical/implantation_failure_atlas_final_isolated.R	c70259c085c93161551cec46dc255e9041e02dce8257570ac544284721685a78	Recovered and version-matched historical membership	e1cd1d6020cc9697bc3be6765f4f6ebd0a6bba5467c5afc25bd4b10fb4bca83f
adenomyosis_consensus	down	SPAG6	5	down	analysis/04_adenomyosis/round4_deep/tables/consensus_adenomyosis_signature.csv	round4 consensus_down column	row-wise z-score; mean(intersect(up, expression rows)) - mean(intersect(down, expression rows)); missing genes excluded	scripts/historical/implantation_failure_atlas_final_isolated.R	c70259c085c93161551cec46dc255e9041e02dce8257570ac544284721685a78	Recovered and version-matched historical membership	e1cd1d6020cc9697bc3be6765f4f6ebd0a6bba5467c5afc25bd4b10fb4bca83f
adenomyosis_consensus	down	ADCY3	6	down	analysis/04_adenomyosis/round4_deep/tables/consensus_adenomyosis_signature.csv	round4 consensus_down column	row-wise z-score; mean(intersect(up, expression rows)) - mean(intersect(down, expression rows)); missing genes excluded	scripts/historical/implantation_failure_atlas_final_isolated.R	c70259c085c93161551cec46dc255e9041e02dce8257570ac544284721685a78	Recovered and version-matched historical membership	e1cd1d6020cc9697bc3be6765f4f6ebd0a6bba5467c5afc25bd4b10fb4bca83f
adenomyosis_consensus	down	GATA2-AS1	7	down	analysis/04_adenomyosis/round4_deep/tables/consensus_adenomyosis_signature.csv	round4 consensus_down column	row-wise z-score; mean(intersect(up, expression rows)) - mean(intersect(down, expression rows)); missing genes excluded	scripts/historical/implantation_failure_atlas_final_isolated.R	c70259c085c93161551cec46dc255e9041e02dce8257570ac544284721685a78	Recovered and version-matched historical membership	e1cd1d6020cc9697bc3be6765f4f6ebd0a6bba5467c5afc25bd4b10fb4bca83f
adenomyosis_consensus	down	CENPO	8	down	analysis/04_adenomyosis/round4_deep/tables/consensus_adenomyosis_signature.csv	round4 consensus_down column	row-wise z-score; mean(intersect(up, expression rows)) - mean(intersect(down, expression rows)); missing genes excluded	scripts/historical/implantation_failure_atlas_final_isolated.R	c70259c085c93161551cec46dc255e9041e02dce8257570ac544284721685a78	Recovered and version-matched historical membership	e1cd1d6020cc9697bc3be6765f4f6ebd0a6bba5467c5afc25bd4b10fb4bca83f
adenomyosis_consensus	down	GMNN	9	down	analysis/04_adenomyosis/round4_deep/tables/consensus_adenomyosis_signature.csv	round4 consensus_down column	row-wise z-score; mean(intersect(up, expression rows)) - mean(intersect(down, expression rows)); missing genes excluded	scripts/historical/implantation_failure_atlas_final_isolated.R	c70259c085c93161551cec46dc255e9041e02dce8257570ac544284721685a78	Recovered and version-matched historical membership	e1cd1d6020cc9697bc3be6765f4f6ebd0a6bba5467c5afc25bd4b10fb4bca83f
adenomyosis_consensus	down	SYBU	10	down	analysis/04_adenomyosis/round4_deep/tables/consensus_adenomyosis_signature.csv	round4 consensus_down column	row-wise z-score; mean(intersect(up, expression rows)) - mean(intersect(down, expression rows)); missing genes excluded	scripts/historical/implantation_failure_atlas_final_isolated.R	c70259c085c93161551cec46dc255e9041e02dce8257570ac544284721685a78	Recovered and version-matched historical membership	e1cd1d6020cc9697bc3be6765f4f6ebd0a6bba5467c5afc25bd4b10fb4bca83f
adenomyosis_consensus	down	TRDMT1	11	down	analysis/04_adenomyosis/round4_deep/tables/consensus_adenomyosis_signature.csv	round4 consensus_down column	row-wise z-score; mean(intersect(up, expression rows)) - mean(intersect(down, expression rows)); missing genes excluded	scripts/historical/implantation_failure_atlas_final_isolated.R	c70259c085c93161551cec46dc255e9041e02dce8257570ac544284721685a78	Recovered and version-matched historical membership	e1cd1d6020cc9697bc3be6765f4f6ebd0a6bba5467c5afc25bd4b10fb4bca83f
adenomyosis_consensus	down	ITPR2	12	down	analysis/04_adenomyosis/round4_deep/tables/consensus_adenomyosis_signature.csv	round4 consensus_down column	row-wise z-score; mean(intersect(up, expression rows)) - mean(intersect(down, expression rows)); missing genes excluded	scripts/historical/implantation_failure_atlas_final_isolated.R	c70259c085c93161551cec46dc255e9041e02dce8257570ac544284721685a78	Recovered and version-matched historical membership	e1cd1d6020cc9697bc3be6765f4f6ebd0a6bba5467c5afc25bd4b10fb4bca83f
adenomyosis_consensus	down	FIGNL1	13	down	analysis/04_adenomyosis/round4_deep/tables/consensus_adenomyosis_signature.csv	round4 consensus_down column	row-wise z-score; mean(intersect(up, expression rows)) - mean(intersect(down, expression rows)); missing genes excluded	scripts/historical/implantation_failure_atlas_final_isolated.R	c70259c085c93161551cec46dc255e9041e02dce8257570ac544284721685a78	Recovered and version-matched historical membership	e1cd1d6020cc9697bc3be6765f4f6ebd0a6bba5467c5afc25bd4b10fb4bca83f
adenomyosis_consensus	down	CDC7	14	down	analysis/04_adenomyosis/round4_deep/tables/consensus_adenomyosis_signature.csv	round4 consensus_down column	row-wise z-score; mean(intersect(up, expression rows)) - mean(intersect(down, expression rows)); missing genes excluded	scripts/historical/implantation_failure_atlas_final_isolated.R	c70259c085c93161551cec46dc255e9041e02dce8257570ac544284721685a78	Recovered and version-matched historical membership	e1cd1d6020cc9697bc3be6765f4f6ebd0a6bba5467c5afc25bd4b10fb4bca83f
adenomyosis_consensus	down	SOX5	15	down	analysis/04_adenomyosis/round4_deep/tables/consensus_adenomyosis_signature.csv	round4 consensus_down column	row-wise z-score; mean(intersect(up, expression rows)) - mean(intersect(down, expression rows)); missing genes excluded	scripts/historical/implantation_failure_atlas_final_isolated.R	c70259c085c93161551cec46dc255e9041e02dce8257570ac544284721685a78	Recovered and version-matched historical membership	e1cd1d6020cc9697bc3be6765f4f6ebd0a6bba5467c5afc25bd4b10fb4bca83f
adenomyosis_consensus	down	FGFR2	16	down	analysis/04_adenomyosis/round4_deep/tables/consensus_adenomyosis_signature.csv	round4 consensus_down column	row-wise z-score; mean(intersect(up, expression rows)) - mean(intersect(down, expression rows)); missing genes excluded	scripts/historical/implantation_failure_atlas_final_isolated.R	c70259c085c93161551cec46dc255e9041e02dce8257570ac544284721685a78	Recovered and version-matched historical membership	e1cd1d6020cc9697bc3be6765f4f6ebd0a6bba5467c5afc25bd4b10fb4bca83f
adenomyosis_consensus	down	LARS2	17	down	analysis/04_adenomyosis/round4_deep/tables/consensus_adenomyosis_signature.csv	round4 consensus_down column	row-wise z-score; mean(intersect(up, expression rows)) - mean(intersect(down, expression rows)); missing genes excluded	scripts/historical/implantation_failure_atlas_final_isolated.R	c70259c085c93161551cec46dc255e9041e02dce8257570ac544284721685a78	Recovered and version-matched historical membership	e1cd1d6020cc9697bc3be6765f4f6ebd0a6bba5467c5afc25bd4b10fb4bca83f
adenomyosis_consensus	down	FECH	18	down	analysis/04_adenomyosis/round4_deep/tables/consensus_adenomyosis_signature.csv	round4 consensus_down column	row-wise z-score; mean(intersect(up, expression rows)) - mean(intersect(down, expression rows)); missing genes excluded	scripts/historical/implantation_failure_atlas_final_isolated.R	c70259c085c93161551cec46dc255e9041e02dce8257570ac544284721685a78	Recovered and version-matched historical membership	e1cd1d6020cc9697bc3be6765f4f6ebd0a6bba5467c5afc25bd4b10fb4bca83f
adenomyosis_consensus	down	ATPSCKMT	19	down	analysis/04_adenomyosis/round4_deep/tables/consensus_adenomyosis_signature.csv	round4 consensus_down column	row-wise z-score; mean(intersect(up, expression rows)) - mean(intersect(down, expression rows)); missing genes excluded	scripts/historical/implantation_failure_atlas_final_isolated.R	c70259c085c93161551cec46dc255e9041e02dce8257570ac544284721685a78	Recovered and version-matched historical membership	e1cd1d6020cc9697bc3be6765f4f6ebd0a6bba5467c5afc25bd4b10fb4bca83f
adenomyosis_consensus	down	TLCD4-RWDD3	20	down	analysis/04_adenomyosis/round4_deep/tables/consensus_adenomyosis_signature.csv	round4 consensus_down column	row-wise z-score; mean(intersect(up, expression rows)) - mean(intersect(down, expression rows)); missing genes excluded	scripts/historical/implantation_failure_atlas_final_isolated.R	c70259c085c93161551cec46dc255e9041e02dce8257570ac544284721685a78	Recovered and version-matched historical membership	e1cd1d6020cc9697bc3be6765f4f6ebd0a6bba5467c5afc25bd4b10fb4bca83f
adenomyosis_consensus	down	TMEM131	21	down	analysis/04_adenomyosis/round4_deep/tables/consensus_adenomyosis_signature.csv	round4 consensus_down column	row-wise z-score; mean(intersect(up, expression rows)) - mean(intersect(down, expression rows)); missing genes excluded	scripts/historical/implantation_failure_atlas_final_isolated.R	c70259c085c93161551cec46dc255e9041e02dce8257570ac544284721685a78	Recovered and version-matched historical membership	e1cd1d6020cc9697bc3be6765f4f6ebd0a6bba5467c5afc25bd4b10fb4bca83f
adenomyosis_consensus	down	DDIAS	22	down	analysis/04_adenomyosis/round4_deep/tables/consensus_adenomyosis_signature.csv	round4 consensus_down column	row-wise z-score; mean(intersect(up, expression rows)) - mean(intersect(down, expression rows)); missing genes excluded	scripts/historical/implantation_failure_atlas_final_isolated.R	c70259c085c93161551cec46dc255e9041e02dce8257570ac544284721685a78	Recovered and version-matched historical membership	e1cd1d6020cc9697bc3be6765f4f6ebd0a6bba5467c5afc25bd4b10fb4bca83f
adenomyosis_consensus	down	USP44	23	down	analysis/04_adenomyosis/round4_deep/tables/consensus_adenomyosis_signature.csv	round4 consensus_down column	row-wise z-score; mean(intersect(up, expression rows)) - mean(intersect(down, expression rows)); missing genes excluded	scripts/historical/implantation_failure_atlas_final_isolated.R	c70259c085c93161551cec46dc255e9041e02dce8257570ac544284721685a78	Recovered and version-matched historical membership	e1cd1d6020cc9697bc3be6765f4f6ebd0a6bba5467c5afc25bd4b10fb4bca83f
adenomyosis_consensus	down	RFLNB	24	down	analysis/04_adenomyosis/round4_deep/tables/consensus_adenomyosis_signature.csv	round4 consensus_down column	row-wise z-score; mean(intersect(up, expression rows)) - mean(intersect(down, expression rows)); missing genes excluded	scripts/historical/implantation_failure_atlas_final_isolated.R	c70259c085c93161551cec46dc255e9041e02dce8257570ac544284721685a78	Recovered and version-matched historical membership	e1cd1d6020cc9697bc3be6765f4f6ebd0a6bba5467c5afc25bd4b10fb4bca83f
adenomyosis_consensus	down	NEK1	25	down	analysis/04_adenomyosis/round4_deep/tables/consensus_adenomyosis_signature.csv	round4 consensus_down column	row-wise z-score; mean(intersect(up, expression rows)) - mean(intersect(down, expression rows)); missing genes excluded	scripts/historical/implantation_failure_atlas_final_isolated.R	c70259c085c93161551cec46dc255e9041e02dce8257570ac544284721685a78	Recovered and version-matched historical membership	e1cd1d6020cc9697bc3be6765f4f6ebd0a6bba5467c5afc25bd4b10fb4bca83f
adenomyosis_consensus	down	NLRP2	26	down	analysis/04_adenomyosis/round4_deep/tables/consensus_adenomyosis_signature.csv	round4 consensus_down column	row-wise z-score; mean(intersect(up, expression rows)) - mean(intersect(down, expression rows)); missing genes excluded	scripts/historical/implantation_failure_atlas_final_isolated.R	c70259c085c93161551cec46dc255e9041e02dce8257570ac544284721685a78	Recovered and version-matched historical membership	e1cd1d6020cc9697bc3be6765f4f6ebd0a6bba5467c5afc25bd4b10fb4bca83f
adenomyosis_consensus	down	STMN1	27	down	analysis/04_adenomyosis/round4_deep/tables/consensus_adenomyosis_signature.csv	round4 consensus_down column	row-wise z-score; mean(intersect(up, expression rows)) - mean(intersect(down, expression rows)); missing genes excluded	scripts/historical/implantation_failure_atlas_final_isolated.R	c70259c085c93161551cec46dc255e9041e02dce8257570ac544284721685a78	Recovered and version-matched historical membership	e1cd1d6020cc9697bc3be6765f4f6ebd0a6bba5467c5afc25bd4b10fb4bca83f
adenomyosis_consensus	down	ZNF252P	28	down	analysis/04_adenomyosis/round4_deep/tables/consensus_adenomyosis_signature.csv	round4 consensus_down column	row-wise z-score; mean(intersect(up, expression rows)) - mean(intersect(down, expression rows)); missing genes excluded	scripts/historical/implantation_failure_atlas_final_isolated.R	c70259c085c93161551cec46dc255e9041e02dce8257570ac544284721685a78	Recovered and version-matched historical membership	e1cd1d6020cc9697bc3be6765f4f6ebd0a6bba5467c5afc25bd4b10fb4bca83f
adenomyosis_consensus	down	REXO5	29	down	analysis/04_adenomyosis/round4_deep/tables/consensus_adenomyosis_signature.csv	round4 consensus_down column	row-wise z-score; mean(intersect(up, expression rows)) - mean(intersect(down, expression rows)); missing genes excluded	scripts/historical/implantation_failure_atlas_final_isolated.R	c70259c085c93161551cec46dc255e9041e02dce8257570ac544284721685a78	Recovered and version-matched historical membership	e1cd1d6020cc9697bc3be6765f4f6ebd0a6bba5467c5afc25bd4b10fb4bca83f
adenomyosis_consensus	down	CDC6	30	down	analysis/04_adenomyosis/round4_deep/tables/consensus_adenomyosis_signature.csv	round4 consensus_down column	row-wise z-score; mean(intersect(up, expression rows)) - mean(intersect(down, expression rows)); missing genes excluded	scripts/historical/implantation_failure_atlas_final_isolated.R	c70259c085c93161551cec46dc255e9041e02dce8257570ac544284721685a78	Recovered and version-matched historical membership	e1cd1d6020cc9697bc3be6765f4f6ebd0a6bba5467c5afc25bd4b10fb4bca83f
spatial_program	CXCL_ligands	CXCL1	1	CXCL_ligands	scripts/historical/implantation_failure_atlas_residual_and_niche_extensions.R	explicit program_sets vector	log1p(library-size normalized counts to 10000); mean raw normalized expression	scripts/historical/implantation_failure_atlas_residual_and_niche_extensions_isolated.R	77a267663491a45b23ab869d7ddb281393792e2d3107f0bff4600fbf44ec1cfe	Recovered and version-matched historical membership	e1cd1d6020cc9697bc3be6765f4f6ebd0a6bba5467c5afc25bd4b10fb4bca83f
spatial_program	CXCL_ligands	CXCL2	2	CXCL_ligands	scripts/historical/implantation_failure_atlas_residual_and_niche_extensions.R	explicit program_sets vector	log1p(library-size normalized counts to 10000); mean raw normalized expression	scripts/historical/implantation_failure_atlas_residual_and_niche_extensions_isolated.R	77a267663491a45b23ab869d7ddb281393792e2d3107f0bff4600fbf44ec1cfe	Recovered and version-matched historical membership	e1cd1d6020cc9697bc3be6765f4f6ebd0a6bba5467c5afc25bd4b10fb4bca83f
spatial_program	CXCL_ligands	CXCL3	3	CXCL_ligands	scripts/historical/implantation_failure_atlas_residual_and_niche_extensions.R	explicit program_sets vector	log1p(library-size normalized counts to 10000); mean raw normalized expression	scripts/historical/implantation_failure_atlas_residual_and_niche_extensions_isolated.R	77a267663491a45b23ab869d7ddb281393792e2d3107f0bff4600fbf44ec1cfe	Recovered and version-matched historical membership	e1cd1d6020cc9697bc3be6765f4f6ebd0a6bba5467c5afc25bd4b10fb4bca83f
spatial_program	CXCL_ligands	CXCL8	4	CXCL_ligands	scripts/historical/implantation_failure_atlas_residual_and_niche_extensions.R	explicit program_sets vector	log1p(library-size normalized counts to 10000); mean raw normalized expression	scripts/historical/implantation_failure_atlas_residual_and_niche_extensions_isolated.R	77a267663491a45b23ab869d7ddb281393792e2d3107f0bff4600fbf44ec1cfe	Recovered and version-matched historical membership	e1cd1d6020cc9697bc3be6765f4f6ebd0a6bba5467c5afc25bd4b10fb4bca83f
spatial_program	CXCL_ligands	CXCL9	5	CXCL_ligands	scripts/historical/implantation_failure_atlas_residual_and_niche_extensions.R	explicit program_sets vector	log1p(library-size normalized counts to 10000); mean raw normalized expression	scripts/historical/implantation_failure_atlas_residual_and_niche_extensions_isolated.R	77a267663491a45b23ab869d7ddb281393792e2d3107f0bff4600fbf44ec1cfe	Recovered and version-matched historical membership	e1cd1d6020cc9697bc3be6765f4f6ebd0a6bba5467c5afc25bd4b10fb4bca83f
spatial_program	CXCL_ligands	CXCL10	6	CXCL_ligands	scripts/historical/implantation_failure_atlas_residual_and_niche_extensions.R	explicit program_sets vector	log1p(library-size normalized counts to 10000); mean raw normalized expression	scripts/historical/implantation_failure_atlas_residual_and_niche_extensions_isolated.R	77a267663491a45b23ab869d7ddb281393792e2d3107f0bff4600fbf44ec1cfe	Recovered and version-matched historical membership	e1cd1d6020cc9697bc3be6765f4f6ebd0a6bba5467c5afc25bd4b10fb4bca83f
spatial_program	CXCL_ligands	CXCL11	7	CXCL_ligands	scripts/historical/implantation_failure_atlas_residual_and_niche_extensions.R	explicit program_sets vector	log1p(library-size normalized counts to 10000); mean raw normalized expression	scripts/historical/implantation_failure_atlas_residual_and_niche_extensions_isolated.R	77a267663491a45b23ab869d7ddb281393792e2d3107f0bff4600fbf44ec1cfe	Recovered and version-matched historical membership	e1cd1d6020cc9697bc3be6765f4f6ebd0a6bba5467c5afc25bd4b10fb4bca83f
spatial_program	CXCL_ligands	CXCL12	8	CXCL_ligands	scripts/historical/implantation_failure_atlas_residual_and_niche_extensions.R	explicit program_sets vector	log1p(library-size normalized counts to 10000); mean raw normalized expression	scripts/historical/implantation_failure_atlas_residual_and_niche_extensions_isolated.R	77a267663491a45b23ab869d7ddb281393792e2d3107f0bff4600fbf44ec1cfe	Recovered and version-matched historical membership	e1cd1d6020cc9697bc3be6765f4f6ebd0a6bba5467c5afc25bd4b10fb4bca83f
spatial_program	CXCL_ligands	CXCL13	9	CXCL_ligands	scripts/historical/implantation_failure_atlas_residual_and_niche_extensions.R	explicit program_sets vector	log1p(library-size normalized counts to 10000); mean raw normalized expression	scripts/historical/implantation_failure_atlas_residual_and_niche_extensions_isolated.R	77a267663491a45b23ab869d7ddb281393792e2d3107f0bff4600fbf44ec1cfe	Recovered and version-matched historical membership	e1cd1d6020cc9697bc3be6765f4f6ebd0a6bba5467c5afc25bd4b10fb4bca83f
spatial_program	CXCL_ligands	CXCL14	10	CXCL_ligands	scripts/historical/implantation_failure_atlas_residual_and_niche_extensions.R	explicit program_sets vector	log1p(library-size normalized counts to 10000); mean raw normalized expression	scripts/historical/implantation_failure_atlas_residual_and_niche_extensions_isolated.R	77a267663491a45b23ab869d7ddb281393792e2d3107f0bff4600fbf44ec1cfe	Recovered and version-matched historical membership	e1cd1d6020cc9697bc3be6765f4f6ebd0a6bba5467c5afc25bd4b10fb4bca83f
spatial_program	CXCL_ligands	CXCL16	11	CXCL_ligands	scripts/historical/implantation_failure_atlas_residual_and_niche_extensions.R	explicit program_sets vector	log1p(library-size normalized counts to 10000); mean raw normalized expression	scripts/historical/implantation_failure_atlas_residual_and_niche_extensions_isolated.R	77a267663491a45b23ab869d7ddb281393792e2d3107f0bff4600fbf44ec1cfe	Recovered and version-matched historical membership	e1cd1d6020cc9697bc3be6765f4f6ebd0a6bba5467c5afc25bd4b10fb4bca83f
spatial_program	CCL_ligands	CCL2	1	CCL_ligands	scripts/historical/implantation_failure_atlas_residual_and_niche_extensions.R	explicit program_sets vector	log1p(library-size normalized counts to 10000); mean raw normalized expression	scripts/historical/implantation_failure_atlas_residual_and_niche_extensions_isolated.R	77a267663491a45b23ab869d7ddb281393792e2d3107f0bff4600fbf44ec1cfe	Recovered and version-matched historical membership	e1cd1d6020cc9697bc3be6765f4f6ebd0a6bba5467c5afc25bd4b10fb4bca83f
spatial_program	CCL_ligands	CCL3	2	CCL_ligands	scripts/historical/implantation_failure_atlas_residual_and_niche_extensions.R	explicit program_sets vector	log1p(library-size normalized counts to 10000); mean raw normalized expression	scripts/historical/implantation_failure_atlas_residual_and_niche_extensions_isolated.R	77a267663491a45b23ab869d7ddb281393792e2d3107f0bff4600fbf44ec1cfe	Recovered and version-matched historical membership	e1cd1d6020cc9697bc3be6765f4f6ebd0a6bba5467c5afc25bd4b10fb4bca83f
spatial_program	CCL_ligands	CCL4	3	CCL_ligands	scripts/historical/implantation_failure_atlas_residual_and_niche_extensions.R	explicit program_sets vector	log1p(library-size normalized counts to 10000); mean raw normalized expression	scripts/historical/implantation_failure_atlas_residual_and_niche_extensions_isolated.R	77a267663491a45b23ab869d7ddb281393792e2d3107f0bff4600fbf44ec1cfe	Recovered and version-matched historical membership	e1cd1d6020cc9697bc3be6765f4f6ebd0a6bba5467c5afc25bd4b10fb4bca83f
spatial_program	CCL_ligands	CCL5	4	CCL_ligands	scripts/historical/implantation_failure_atlas_residual_and_niche_extensions.R	explicit program_sets vector	log1p(library-size normalized counts to 10000); mean raw normalized expression	scripts/historical/implantation_failure_atlas_residual_and_niche_extensions_isolated.R	77a267663491a45b23ab869d7ddb281393792e2d3107f0bff4600fbf44ec1cfe	Recovered and version-matched historical membership	e1cd1d6020cc9697bc3be6765f4f6ebd0a6bba5467c5afc25bd4b10fb4bca83f
spatial_program	CCL_ligands	CCL7	5	CCL_ligands	scripts/historical/implantation_failure_atlas_residual_and_niche_extensions.R	explicit program_sets vector	log1p(library-size normalized counts to 10000); mean raw normalized expression	scripts/historical/implantation_failure_atlas_residual_and_niche_extensions_isolated.R	77a267663491a45b23ab869d7ddb281393792e2d3107f0bff4600fbf44ec1cfe	Recovered and version-matched historical membership	e1cd1d6020cc9697bc3be6765f4f6ebd0a6bba5467c5afc25bd4b10fb4bca83f
spatial_program	CCL_ligands	CCL8	6	CCL_ligands	scripts/historical/implantation_failure_atlas_residual_and_niche_extensions.R	explicit program_sets vector	log1p(library-size normalized counts to 10000); mean raw normalized expression	scripts/historical/implantation_failure_atlas_residual_and_niche_extensions_isolated.R	77a267663491a45b23ab869d7ddb281393792e2d3107f0bff4600fbf44ec1cfe	Recovered and version-matched historical membership	e1cd1d6020cc9697bc3be6765f4f6ebd0a6bba5467c5afc25bd4b10fb4bca83f
spatial_program	CCL_ligands	CCL19	7	CCL_ligands	scripts/historical/implantation_failure_atlas_residual_and_niche_extensions.R	explicit program_sets vector	log1p(library-size normalized counts to 10000); mean raw normalized expression	scripts/historical/implantation_failure_atlas_residual_and_niche_extensions_isolated.R	77a267663491a45b23ab869d7ddb281393792e2d3107f0bff4600fbf44ec1cfe	Recovered and version-matched historical membership	e1cd1d6020cc9697bc3be6765f4f6ebd0a6bba5467c5afc25bd4b10fb4bca83f
spatial_program	CCL_ligands	CCL20	8	CCL_ligands	scripts/historical/implantation_failure_atlas_residual_and_niche_extensions.R	explicit program_sets vector	log1p(library-size normalized counts to 10000); mean raw normalized expression	scripts/historical/implantation_failure_atlas_residual_and_niche_extensions_isolated.R	77a267663491a45b23ab869d7ddb281393792e2d3107f0bff4600fbf44ec1cfe	Recovered and version-matched historical membership	e1cd1d6020cc9697bc3be6765f4f6ebd0a6bba5467c5afc25bd4b10fb4bca83f
spatial_program	CCL_ligands	CCL21	9	CCL_ligands	scripts/historical/implantation_failure_atlas_residual_and_niche_extensions.R	explicit program_sets vector	log1p(library-size normalized counts to 10000); mean raw normalized expression	scripts/historical/implantation_failure_atlas_residual_and_niche_extensions_isolated.R	77a267663491a45b23ab869d7ddb281393792e2d3107f0bff4600fbf44ec1cfe	Recovered and version-matched historical membership	e1cd1d6020cc9697bc3be6765f4f6ebd0a6bba5467c5afc25bd4b10fb4bca83f
spatial_program	IFN_program	IFIT1	1	IFN_program	scripts/historical/implantation_failure_atlas_residual_and_niche_extensions.R	explicit program_sets vector	log1p(library-size normalized counts to 10000); mean raw normalized expression	scripts/historical/implantation_failure_atlas_residual_and_niche_extensions_isolated.R	77a267663491a45b23ab869d7ddb281393792e2d3107f0bff4600fbf44ec1cfe	Recovered and version-matched historical membership	e1cd1d6020cc9697bc3be6765f4f6ebd0a6bba5467c5afc25bd4b10fb4bca83f
spatial_program	IFN_program	IFIT2	2	IFN_program	scripts/historical/implantation_failure_atlas_residual_and_niche_extensions.R	explicit program_sets vector	log1p(library-size normalized counts to 10000); mean raw normalized expression	scripts/historical/implantation_failure_atlas_residual_and_niche_extensions_isolated.R	77a267663491a45b23ab869d7ddb281393792e2d3107f0bff4600fbf44ec1cfe	Recovered and version-matched historical membership	e1cd1d6020cc9697bc3be6765f4f6ebd0a6bba5467c5afc25bd4b10fb4bca83f
spatial_program	IFN_program	IFIT3	3	IFN_program	scripts/historical/implantation_failure_atlas_residual_and_niche_extensions.R	explicit program_sets vector	log1p(library-size normalized counts to 10000); mean raw normalized expression	scripts/historical/implantation_failure_atlas_residual_and_niche_extensions_isolated.R	77a267663491a45b23ab869d7ddb281393792e2d3107f0bff4600fbf44ec1cfe	Recovered and version-matched historical membership	e1cd1d6020cc9697bc3be6765f4f6ebd0a6bba5467c5afc25bd4b10fb4bca83f
spatial_program	IFN_program	ISG15	4	IFN_program	scripts/historical/implantation_failure_atlas_residual_and_niche_extensions.R	explicit program_sets vector	log1p(library-size normalized counts to 10000); mean raw normalized expression	scripts/historical/implantation_failure_atlas_residual_and_niche_extensions_isolated.R	77a267663491a45b23ab869d7ddb281393792e2d3107f0bff4600fbf44ec1cfe	Recovered and version-matched historical membership	e1cd1d6020cc9697bc3be6765f4f6ebd0a6bba5467c5afc25bd4b10fb4bca83f
spatial_program	IFN_program	MX1	5	IFN_program	scripts/historical/implantation_failure_atlas_residual_and_niche_extensions.R	explicit program_sets vector	log1p(library-size normalized counts to 10000); mean raw normalized expression	scripts/historical/implantation_failure_atlas_residual_and_niche_extensions_isolated.R	77a267663491a45b23ab869d7ddb281393792e2d3107f0bff4600fbf44ec1cfe	Recovered and version-matched historical membership	e1cd1d6020cc9697bc3be6765f4f6ebd0a6bba5467c5afc25bd4b10fb4bca83f
spatial_program	IFN_program	STAT1	6	IFN_program	scripts/historical/implantation_failure_atlas_residual_and_niche_extensions.R	explicit program_sets vector	log1p(library-size normalized counts to 10000); mean raw normalized expression	scripts/historical/implantation_failure_atlas_residual_and_niche_extensions_isolated.R	77a267663491a45b23ab869d7ddb281393792e2d3107f0bff4600fbf44ec1cfe	Recovered and version-matched historical membership	e1cd1d6020cc9697bc3be6765f4f6ebd0a6bba5467c5afc25bd4b10fb4bca83f
spatial_program	IFN_program	IRF7	7	IFN_program	scripts/historical/implantation_failure_atlas_residual_and_niche_extensions.R	explicit program_sets vector	log1p(library-size normalized counts to 10000); mean raw normalized expression	scripts/historical/implantation_failure_atlas_residual_and_niche_extensions_isolated.R	77a267663491a45b23ab869d7ddb281393792e2d3107f0bff4600fbf44ec1cfe	Recovered and version-matched historical membership	e1cd1d6020cc9697bc3be6765f4f6ebd0a6bba5467c5afc25bd4b10fb4bca83f
spatial_program	IFN_program	CXCL10	8	IFN_program	scripts/historical/implantation_failure_atlas_residual_and_niche_extensions.R	explicit program_sets vector	log1p(library-size normalized counts to 10000); mean raw normalized expression	scripts/historical/implantation_failure_atlas_residual_and_niche_extensions_isolated.R	77a267663491a45b23ab869d7ddb281393792e2d3107f0bff4600fbf44ec1cfe	Recovered and version-matched historical membership	e1cd1d6020cc9697bc3be6765f4f6ebd0a6bba5467c5afc25bd4b10fb4bca83f
spatial_program	IFN_program	CXCL11	9	IFN_program	scripts/historical/implantation_failure_atlas_residual_and_niche_extensions.R	explicit program_sets vector	log1p(library-size normalized counts to 10000); mean raw normalized expression	scripts/historical/implantation_failure_atlas_residual_and_niche_extensions_isolated.R	77a267663491a45b23ab869d7ddb281393792e2d3107f0bff4600fbf44ec1cfe	Recovered and version-matched historical membership	e1cd1d6020cc9697bc3be6765f4f6ebd0a6bba5467c5afc25bd4b10fb4bca83f
spatial_program	IFN_program	GBP1	10	IFN_program	scripts/historical/implantation_failure_atlas_residual_and_niche_extensions.R	explicit program_sets vector	log1p(library-size normalized counts to 10000); mean raw normalized expression	scripts/historical/implantation_failure_atlas_residual_and_niche_extensions_isolated.R	77a267663491a45b23ab869d7ddb281393792e2d3107f0bff4600fbf44ec1cfe	Recovered and version-matched historical membership	e1cd1d6020cc9697bc3be6765f4f6ebd0a6bba5467c5afc25bd4b10fb4bca83f
spatial_program	IFN_program	IFI6	11	IFN_program	scripts/historical/implantation_failure_atlas_residual_and_niche_extensions.R	explicit program_sets vector	log1p(library-size normalized counts to 10000); mean raw normalized expression	scripts/historical/implantation_failure_atlas_residual_and_niche_extensions_isolated.R	77a267663491a45b23ab869d7ddb281393792e2d3107f0bff4600fbf44ec1cfe	Recovered and version-matched historical membership	e1cd1d6020cc9697bc3be6765f4f6ebd0a6bba5467c5afc25bd4b10fb4bca83f
spatial_program	TNF_IL1_program	TNF	1	TNF_IL1_program	scripts/historical/implantation_failure_atlas_residual_and_niche_extensions.R	explicit program_sets vector	log1p(library-size normalized counts to 10000); mean raw normalized expression	scripts/historical/implantation_failure_atlas_residual_and_niche_extensions_isolated.R	77a267663491a45b23ab869d7ddb281393792e2d3107f0bff4600fbf44ec1cfe	Recovered and version-matched historical membership	e1cd1d6020cc9697bc3be6765f4f6ebd0a6bba5467c5afc25bd4b10fb4bca83f
spatial_program	TNF_IL1_program	TNFRSF1A	2	TNF_IL1_program	scripts/historical/implantation_failure_atlas_residual_and_niche_extensions.R	explicit program_sets vector	log1p(library-size normalized counts to 10000); mean raw normalized expression	scripts/historical/implantation_failure_atlas_residual_and_niche_extensions_isolated.R	77a267663491a45b23ab869d7ddb281393792e2d3107f0bff4600fbf44ec1cfe	Recovered and version-matched historical membership	e1cd1d6020cc9697bc3be6765f4f6ebd0a6bba5467c5afc25bd4b10fb4bca83f
spatial_program	TNF_IL1_program	TNFAIP3	3	TNF_IL1_program	scripts/historical/implantation_failure_atlas_residual_and_niche_extensions.R	explicit program_sets vector	log1p(library-size normalized counts to 10000); mean raw normalized expression	scripts/historical/implantation_failure_atlas_residual_and_niche_extensions_isolated.R	77a267663491a45b23ab869d7ddb281393792e2d3107f0bff4600fbf44ec1cfe	Recovered and version-matched historical membership	e1cd1d6020cc9697bc3be6765f4f6ebd0a6bba5467c5afc25bd4b10fb4bca83f
spatial_program	TNF_IL1_program	NFKBIA	4	TNF_IL1_program	scripts/historical/implantation_failure_atlas_residual_and_niche_extensions.R	explicit program_sets vector	log1p(library-size normalized counts to 10000); mean raw normalized expression	scripts/historical/implantation_failure_atlas_residual_and_niche_extensions_isolated.R	77a267663491a45b23ab869d7ddb281393792e2d3107f0bff4600fbf44ec1cfe	Recovered and version-matched historical membership	e1cd1d6020cc9697bc3be6765f4f6ebd0a6bba5467c5afc25bd4b10fb4bca83f
spatial_program	TNF_IL1_program	IL1B	5	TNF_IL1_program	scripts/historical/implantation_failure_atlas_residual_and_niche_extensions.R	explicit program_sets vector	log1p(library-size normalized counts to 10000); mean raw normalized expression	scripts/historical/implantation_failure_atlas_residual_and_niche_extensions_isolated.R	77a267663491a45b23ab869d7ddb281393792e2d3107f0bff4600fbf44ec1cfe	Recovered and version-matched historical membership	e1cd1d6020cc9697bc3be6765f4f6ebd0a6bba5467c5afc25bd4b10fb4bca83f
spatial_program	TNF_IL1_program	IL1R1	6	TNF_IL1_program	scripts/historical/implantation_failure_atlas_residual_and_niche_extensions.R	explicit program_sets vector	log1p(library-size normalized counts to 10000); mean raw normalized expression	scripts/historical/implantation_failure_atlas_residual_and_niche_extensions_isolated.R	77a267663491a45b23ab869d7ddb281393792e2d3107f0bff4600fbf44ec1cfe	Recovered and version-matched historical membership	e1cd1d6020cc9697bc3be6765f4f6ebd0a6bba5467c5afc25bd4b10fb4bca83f
spatial_program	TNF_IL1_program	IL1RN	7	TNF_IL1_program	scripts/historical/implantation_failure_atlas_residual_and_niche_extensions.R	explicit program_sets vector	log1p(library-size normalized counts to 10000); mean raw normalized expression	scripts/historical/implantation_failure_atlas_residual_and_niche_extensions_isolated.R	77a267663491a45b23ab869d7ddb281393792e2d3107f0bff4600fbf44ec1cfe	Recovered and version-matched historical membership	e1cd1d6020cc9697bc3be6765f4f6ebd0a6bba5467c5afc25bd4b10fb4bca83f
spatial_program	TNF_IL1_program	IRAK2	8	TNF_IL1_program	scripts/historical/implantation_failure_atlas_residual_and_niche_extensions.R	explicit program_sets vector	log1p(library-size normalized counts to 10000); mean raw normalized expression	scripts/historical/implantation_failure_atlas_residual_and_niche_extensions_isolated.R	77a267663491a45b23ab869d7ddb281393792e2d3107f0bff4600fbf44ec1cfe	Recovered and version-matched historical membership	e1cd1d6020cc9697bc3be6765f4f6ebd0a6bba5467c5afc25bd4b10fb4bca83f
spatial_program	TNF_IL1_program	ICAM1	9	TNF_IL1_program	scripts/historical/implantation_failure_atlas_residual_and_niche_extensions.R	explicit program_sets vector	log1p(library-size normalized counts to 10000); mean raw normalized expression	scripts/historical/implantation_failure_atlas_residual_and_niche_extensions_isolated.R	77a267663491a45b23ab869d7ddb281393792e2d3107f0bff4600fbf44ec1cfe	Recovered and version-matched historical membership	e1cd1d6020cc9697bc3be6765f4f6ebd0a6bba5467c5afc25bd4b10fb4bca83f
spatial_program	TGFB_VEGF_axis	TGFB1	1	TGFB_VEGF_axis	scripts/historical/implantation_failure_atlas_residual_and_niche_extensions.R	explicit program_sets vector	log1p(library-size normalized counts to 10000); mean raw normalized expression	scripts/historical/implantation_failure_atlas_residual_and_niche_extensions_isolated.R	77a267663491a45b23ab869d7ddb281393792e2d3107f0bff4600fbf44ec1cfe	Recovered and version-matched historical membership	e1cd1d6020cc9697bc3be6765f4f6ebd0a6bba5467c5afc25bd4b10fb4bca83f
spatial_program	TGFB_VEGF_axis	TGFBR1	2	TGFB_VEGF_axis	scripts/historical/implantation_failure_atlas_residual_and_niche_extensions.R	explicit program_sets vector	log1p(library-size normalized counts to 10000); mean raw normalized expression	scripts/historical/implantation_failure_atlas_residual_and_niche_extensions_isolated.R	77a267663491a45b23ab869d7ddb281393792e2d3107f0bff4600fbf44ec1cfe	Recovered and version-matched historical membership	e1cd1d6020cc9697bc3be6765f4f6ebd0a6bba5467c5afc25bd4b10fb4bca83f
spatial_program	TGFB_VEGF_axis	TGFBR2	3	TGFB_VEGF_axis	scripts/historical/implantation_failure_atlas_residual_and_niche_extensions.R	explicit program_sets vector	log1p(library-size normalized counts to 10000); mean raw normalized expression	scripts/historical/implantation_failure_atlas_residual_and_niche_extensions_isolated.R	77a267663491a45b23ab869d7ddb281393792e2d3107f0bff4600fbf44ec1cfe	Recovered and version-matched historical membership	e1cd1d6020cc9697bc3be6765f4f6ebd0a6bba5467c5afc25bd4b10fb4bca83f
spatial_program	TGFB_VEGF_axis	SMAD3	4	TGFB_VEGF_axis	scripts/historical/implantation_failure_atlas_residual_and_niche_extensions.R	explicit program_sets vector	log1p(library-size normalized counts to 10000); mean raw normalized expression	scripts/historical/implantation_failure_atlas_residual_and_niche_extensions_isolated.R	77a267663491a45b23ab869d7ddb281393792e2d3107f0bff4600fbf44ec1cfe	Recovered and version-matched historical membership	e1cd1d6020cc9697bc3be6765f4f6ebd0a6bba5467c5afc25bd4b10fb4bca83f
spatial_program	TGFB_VEGF_axis	VEGFA	5	TGFB_VEGF_axis	scripts/historical/implantation_failure_atlas_residual_and_niche_extensions.R	explicit program_sets vector	log1p(library-size normalized counts to 10000); mean raw normalized expression	scripts/historical/implantation_failure_atlas_residual_and_niche_extensions_isolated.R	77a267663491a45b23ab869d7ddb281393792e2d3107f0bff4600fbf44ec1cfe	Recovered and version-matched historical membership	e1cd1d6020cc9697bc3be6765f4f6ebd0a6bba5467c5afc25bd4b10fb4bca83f
spatial_program	TGFB_VEGF_axis	FLT1	6	TGFB_VEGF_axis	scripts/historical/implantation_failure_atlas_residual_and_niche_extensions.R	explicit program_sets vector	log1p(library-size normalized counts to 10000); mean raw normalized expression	scripts/historical/implantation_failure_atlas_residual_and_niche_extensions_isolated.R	77a267663491a45b23ab869d7ddb281393792e2d3107f0bff4600fbf44ec1cfe	Recovered and version-matched historical membership	e1cd1d6020cc9697bc3be6765f4f6ebd0a6bba5467c5afc25bd4b10fb4bca83f
spatial_program	TGFB_VEGF_axis	KDR	7	TGFB_VEGF_axis	scripts/historical/implantation_failure_atlas_residual_and_niche_extensions.R	explicit program_sets vector	log1p(library-size normalized counts to 10000); mean raw normalized expression	scripts/historical/implantation_failure_atlas_residual_and_niche_extensions_isolated.R	77a267663491a45b23ab869d7ddb281393792e2d3107f0bff4600fbf44ec1cfe	Recovered and version-matched historical membership	e1cd1d6020cc9697bc3be6765f4f6ebd0a6bba5467c5afc25bd4b10fb4bca83f
spatial_program	TGFB_VEGF_axis	ENG	8	TGFB_VEGF_axis	scripts/historical/implantation_failure_atlas_residual_and_niche_extensions.R	explicit program_sets vector	log1p(library-size normalized counts to 10000); mean raw normalized expression	scripts/historical/implantation_failure_atlas_residual_and_niche_extensions_isolated.R	77a267663491a45b23ab869d7ddb281393792e2d3107f0bff4600fbf44ec1cfe	Recovered and version-matched historical membership	e1cd1d6020cc9697bc3be6765f4f6ebd0a6bba5467c5afc25bd4b10fb4bca83f
spatial_program	Chemokine_receptors	CXCR3	1	Chemokine_receptors	scripts/historical/implantation_failure_atlas_residual_and_niche_extensions.R	explicit program_sets vector	log1p(library-size normalized counts to 10000); mean raw normalized expression	scripts/historical/implantation_failure_atlas_residual_and_niche_extensions_isolated.R	77a267663491a45b23ab869d7ddb281393792e2d3107f0bff4600fbf44ec1cfe	Recovered and version-matched historical membership	e1cd1d6020cc9697bc3be6765f4f6ebd0a6bba5467c5afc25bd4b10fb4bca83f
spatial_program	Chemokine_receptors	CXCR4	2	Chemokine_receptors	scripts/historical/implantation_failure_atlas_residual_and_niche_extensions.R	explicit program_sets vector	log1p(library-size normalized counts to 10000); mean raw normalized expression	scripts/historical/implantation_failure_atlas_residual_and_niche_extensions_isolated.R	77a267663491a45b23ab869d7ddb281393792e2d3107f0bff4600fbf44ec1cfe	Recovered and version-matched historical membership	e1cd1d6020cc9697bc3be6765f4f6ebd0a6bba5467c5afc25bd4b10fb4bca83f
spatial_program	Chemokine_receptors	CXCR5	3	Chemokine_receptors	scripts/historical/implantation_failure_atlas_residual_and_niche_extensions.R	explicit program_sets vector	log1p(library-size normalized counts to 10000); mean raw normalized expression	scripts/historical/implantation_failure_atlas_residual_and_niche_extensions_isolated.R	77a267663491a45b23ab869d7ddb281393792e2d3107f0bff4600fbf44ec1cfe	Recovered and version-matched historical membership	e1cd1d6020cc9697bc3be6765f4f6ebd0a6bba5467c5afc25bd4b10fb4bca83f
spatial_program	Chemokine_receptors	CCR1	4	Chemokine_receptors	scripts/historical/implantation_failure_atlas_residual_and_niche_extensions.R	explicit program_sets vector	log1p(library-size normalized counts to 10000); mean raw normalized expression	scripts/historical/implantation_failure_atlas_residual_and_niche_extensions_isolated.R	77a267663491a45b23ab869d7ddb281393792e2d3107f0bff4600fbf44ec1cfe	Recovered and version-matched historical membership	e1cd1d6020cc9697bc3be6765f4f6ebd0a6bba5467c5afc25bd4b10fb4bca83f
spatial_program	Chemokine_receptors	CCR2	5	Chemokine_receptors	scripts/historical/implantation_failure_atlas_residual_and_niche_extensions.R	explicit program_sets vector	log1p(library-size normalized counts to 10000); mean raw normalized expression	scripts/historical/implantation_failure_atlas_residual_and_niche_extensions_isolated.R	77a267663491a45b23ab869d7ddb281393792e2d3107f0bff4600fbf44ec1cfe	Recovered and version-matched historical membership	e1cd1d6020cc9697bc3be6765f4f6ebd0a6bba5467c5afc25bd4b10fb4bca83f
spatial_program	Chemokine_receptors	CCR5	6	Chemokine_receptors	scripts/historical/implantation_failure_atlas_residual_and_niche_extensions.R	explicit program_sets vector	log1p(library-size normalized counts to 10000); mean raw normalized expression	scripts/historical/implantation_failure_atlas_residual_and_niche_extensions_isolated.R	77a267663491a45b23ab869d7ddb281393792e2d3107f0bff4600fbf44ec1cfe	Recovered and version-matched historical membership	e1cd1d6020cc9697bc3be6765f4f6ebd0a6bba5467c5afc25bd4b10fb4bca83f
spatial_program	Chemokine_receptors	CCR7	7	Chemokine_receptors	scripts/historical/implantation_failure_atlas_residual_and_niche_extensions.R	explicit program_sets vector	log1p(library-size normalized counts to 10000); mean raw normalized expression	scripts/historical/implantation_failure_atlas_residual_and_niche_extensions_isolated.R	77a267663491a45b23ab869d7ddb281393792e2d3107f0bff4600fbf44ec1cfe	Recovered and version-matched historical membership	e1cd1d6020cc9697bc3be6765f4f6ebd0a6bba5467c5afc25bd4b10fb4bca83f
spatial_program	MMP_ECM_axis	MMP2	1	MMP_ECM_axis	scripts/historical/implantation_failure_atlas_residual_and_niche_extensions.R	explicit program_sets vector	log1p(library-size normalized counts to 10000); mean raw normalized expression	scripts/historical/implantation_failure_atlas_residual_and_niche_extensions_isolated.R	77a267663491a45b23ab869d7ddb281393792e2d3107f0bff4600fbf44ec1cfe	Recovered and version-matched historical membership	e1cd1d6020cc9697bc3be6765f4f6ebd0a6bba5467c5afc25bd4b10fb4bca83f
spatial_program	MMP_ECM_axis	MMP7	2	MMP_ECM_axis	scripts/historical/implantation_failure_atlas_residual_and_niche_extensions.R	explicit program_sets vector	log1p(library-size normalized counts to 10000); mean raw normalized expression	scripts/historical/implantation_failure_atlas_residual_and_niche_extensions_isolated.R	77a267663491a45b23ab869d7ddb281393792e2d3107f0bff4600fbf44ec1cfe	Recovered and version-matched historical membership	e1cd1d6020cc9697bc3be6765f4f6ebd0a6bba5467c5afc25bd4b10fb4bca83f
spatial_program	MMP_ECM_axis	MMP9	3	MMP_ECM_axis	scripts/historical/implantation_failure_atlas_residual_and_niche_extensions.R	explicit program_sets vector	log1p(library-size normalized counts to 10000); mean raw normalized expression	scripts/historical/implantation_failure_atlas_residual_and_niche_extensions_isolated.R	77a267663491a45b23ab869d7ddb281393792e2d3107f0bff4600fbf44ec1cfe	Recovered and version-matched historical membership	e1cd1d6020cc9697bc3be6765f4f6ebd0a6bba5467c5afc25bd4b10fb4bca83f
spatial_program	MMP_ECM_axis	COL1A1	4	MMP_ECM_axis	scripts/historical/implantation_failure_atlas_residual_and_niche_extensions.R	explicit program_sets vector	log1p(library-size normalized counts to 10000); mean raw normalized expression	scripts/historical/implantation_failure_atlas_residual_and_niche_extensions_isolated.R	77a267663491a45b23ab869d7ddb281393792e2d3107f0bff4600fbf44ec1cfe	Recovered and version-matched historical membership	e1cd1d6020cc9697bc3be6765f4f6ebd0a6bba5467c5afc25bd4b10fb4bca83f
spatial_program	MMP_ECM_axis	COL3A1	5	MMP_ECM_axis	scripts/historical/implantation_failure_atlas_residual_and_niche_extensions.R	explicit program_sets vector	log1p(library-size normalized counts to 10000); mean raw normalized expression	scripts/historical/implantation_failure_atlas_residual_and_niche_extensions_isolated.R	77a267663491a45b23ab869d7ddb281393792e2d3107f0bff4600fbf44ec1cfe	Recovered and version-matched historical membership	e1cd1d6020cc9697bc3be6765f4f6ebd0a6bba5467c5afc25bd4b10fb4bca83f
spatial_program	MMP_ECM_axis	FN1	6	MMP_ECM_axis	scripts/historical/implantation_failure_atlas_residual_and_niche_extensions.R	explicit program_sets vector	log1p(library-size normalized counts to 10000); mean raw normalized expression	scripts/historical/implantation_failure_atlas_residual_and_niche_extensions_isolated.R	77a267663491a45b23ab869d7ddb281393792e2d3107f0bff4600fbf44ec1cfe	Recovered and version-matched historical membership	e1cd1d6020cc9697bc3be6765f4f6ebd0a6bba5467c5afc25bd4b10fb4bca83f
spatial_program	MMP_ECM_axis	ITGA5	7	MMP_ECM_axis	scripts/historical/implantation_failure_atlas_residual_and_niche_extensions.R	explicit program_sets vector	log1p(library-size normalized counts to 10000); mean raw normalized expression	scripts/historical/implantation_failure_atlas_residual_and_niche_extensions_isolated.R	77a267663491a45b23ab869d7ddb281393792e2d3107f0bff4600fbf44ec1cfe	Recovered and version-matched historical membership	e1cd1d6020cc9697bc3be6765f4f6ebd0a6bba5467c5afc25bd4b10fb4bca83f
spatial_program	MMP_ECM_axis	ITGB1	8	MMP_ECM_axis	scripts/historical/implantation_failure_atlas_residual_and_niche_extensions.R	explicit program_sets vector	log1p(library-size normalized counts to 10000); mean raw normalized expression	scripts/historical/implantation_failure_atlas_residual_and_niche_extensions_isolated.R	77a267663491a45b23ab869d7ddb281393792e2d3107f0bff4600fbf44ec1cfe	Recovered and version-matched historical membership	e1cd1d6020cc9697bc3be6765f4f6ebd0a6bba5467c5afc25bd4b10fb4bca83f
spatial_program	MMP_ECM_axis	SPP1	9	MMP_ECM_axis	scripts/historical/implantation_failure_atlas_residual_and_niche_extensions.R	explicit program_sets vector	log1p(library-size normalized counts to 10000); mean raw normalized expression	scripts/historical/implantation_failure_atlas_residual_and_niche_extensions_isolated.R	77a267663491a45b23ab869d7ddb281393792e2d3107f0bff4600fbf44ec1cfe	Recovered and version-matched historical membership	e1cd1d6020cc9697bc3be6765f4f6ebd0a6bba5467c5afc25bd4b10fb4bca83f